Age,Sex,Family_History,ANK3_rs10994336,CACNA1C_rs1006737,ODZ4_rs12576775,Glutamate_Level,Tryptophan_Metabolites,Cortisol_Level,Circadian_Gene_Disruption,Mitochondrial_Dysfunction,Neuroinflammation,Omega3_Intake,Folate_Level,VitaminD_Level,Average_Sleep_Hours,Physical_Activity_Level,BD_Type
44,F,Yes,AA,AA,AA,High,Altered,Elevated,Yes,Yes,Yes,Low,Deficient,Deficient,3,Low,BD-I
46,M,Yes,AG,AG,AA,Normal,Normal,Normal,No,No,No,Adequate,Normal,Normal,6,High,False
62,M,No,GG,AA,AG,Low,Normal,Normal,No,No,No,High,Normal,Normal,7,High,False
56,M,Yes,AA,GG,GG,Low,Altered,Normal,Yes,No,Yes,High,Normal,Deficient,6,Moderate,Cyclothymia
48,F,Yes,AA,AG,GG,High,Altered,Elevated,Yes,Yes,Yes,Low,Deficient,Normal,3,Low,BD-II
36,M,Yes,GG,AG,AA,Low,Normal,Normal,No,No,No,Adequate,Normal,Normal,6,High,False
20,F,Yes,GG,AG,GG,High,Altered,Elevated,Yes,Yes,Yes,Low,Deficient,Normal,3,Low,BD-II
32,F,Yes,GG,AG,AA,Low,Altered,Normal,Yes,No,Yes,Adequate,Normal,Deficient,6,Moderate,Cyclothymia
36,M,Yes,GG,AG,AG,Low,Altered,Normal,Yes,No,Yes,High,Normal,Deficient,8,High,Cyclothymia
63,M,Yes,GG,GG,AG,Low,Normal,Normal,No,No,No,Adequate,Normal,Normal,8,High,False
36,F,Yes,AG,AG,GG,High,Altered,Elevated,Yes,Yes,Yes,Low,Deficient,Deficient,5,Low,BD-I
62,M,Yes,GG,AG,AA,High,Altered,Elevated,Yes,Yes,Yes,Low,Deficient,Normal,4,Low,BD-II
47,M,Yes,AA,AA,AG,Normal,Altered,Normal,Yes,No,Yes,Adequate,Normal,Deficient,7,High,Cyclothymia
22,F,Yes,GG,AG,GG,Normal,Normal,Normal,No,No,No,High,Normal,Normal,8,High,False
61,F,Yes,AG,AA,AG,Low,Altered,Normal,Yes,No,Yes,High,Normal,Deficient,7,Moderate,Cyclothymia
32,M,Yes,AA,GG,AG,High,Altered,Elevated,Yes,Yes,Yes,Low,Deficient,Normal,5,Low,BD-II
34,F,Yes,GG,GG,AA,High,Altered,Elevated,Yes,Yes,Yes,Low,Deficient,Deficient,3,Low,BD-I
58,M,Yes,GG,GG,GG,High,Altered,Elevated,Yes,Yes,Yes,Low,Deficient,Normal,3,Low,BD-II
55,M,Yes,GG,GG,AA,High,Altered,Elevated,Yes,Yes,Yes,Low,Deficient,Deficient,3,Low,BD-I
60,F,Yes,AA,AA,GG,High,Altered,Elevated,Yes,Yes,Yes,Low,Deficient,Deficient,5,Low,BD-I
30,F,Yes,GG,AG,AG,Normal,Altered,Normal,Yes,No,Yes,Adequate,Normal,Deficient,7,High,Cyclothymia
45,M,Yes,AG,AA,AA,Normal,Altered,Normal,Yes,No,Yes,Adequate,Normal,Deficient,8,Moderate,Cyclothymia
25,F,Yes,AG,GG,AA,Low,Altered,Normal,Yes,No,Yes,High,Normal,Deficient,7,Moderate,Cyclothymia
52,M,No,GG,AA,AA,Normal,Normal,Normal,No,No,No,Adequate,Normal,Normal,7,High,False
32,F,Yes,AA,GG,AA,Low,Altered,Normal,Yes,No,Yes,High,Normal,Deficient,6,High,Cyclothymia
59,F,Yes,AA,AG,GG,High,Altered,Elevated,Yes,Yes,Yes,Low,Deficient,Deficient,3,Low,BD-I
27,M,Yes,AG,GG,GG,Normal,Altered,Normal,Yes,No,Yes,Adequate,Normal,Deficient,8,High,Cyclothymia
35,F,Yes,AG,AG,AA,Normal,Altered,Normal,Yes,No,Yes,High,Normal,Deficient,8,Moderate,Cyclothymia
27,M,Yes,AA,AG,AA,High,Altered,Elevated,Yes,Yes,Yes,Low,Deficient,Normal,3,Low,BD-II
22,F,Yes,AA,AA,GG,Low,Altered,Normal,Yes,No,Yes,Adequate,Normal,Deficient,8,High,Cyclothymia
21,M,Yes,AG,AA,GG,Normal,Altered,Normal,Yes,No,Yes,Adequate,Normal,Deficient,6,High,Cyclothymia
28,M,Yes,GG,AA,AA,High,Altered,Elevated,Yes,Yes,Yes,Low,Deficient,Deficient,5,Low,BD-I
37,F,Yes,GG,AA,GG,High,Altered,Elevated,Yes,Yes,Yes,Low,Deficient,Normal,4,Low,BD-II
56,M,Yes,AA,AG,AA,High,Altered,Elevated,Yes,Yes,Yes,Low,Deficient,Deficient,5,Low,BD-I
65,F,Yes,GG,AG,AA,High,Altered,Elevated,Yes,Yes,Yes,Low,Deficient,Deficient,3,Low,BD-I
54,M,Yes,AA,GG,AA,High,Altered,Elevated,Yes,Yes,Yes,Low,Deficient,Normal,5,Low,BD-II
36,M,Yes,AG,AG,AG,High,Altered,Elevated,Yes,Yes,Yes,Low,Deficient,Deficient,4,Low,BD-I
46,M,Yes,AG,AA,AA,High,Altered,Elevated,Yes,Yes,Yes,Low,Deficient,Deficient,4,Low,BD-I
25,F,Yes,AA,AG,GG,High,Altered,Elevated,Yes,Yes,Yes,Low,Deficient,Normal,4,Low,BD-II
47,F,Yes,AG,GG,AG,Low,Altered,Normal,Yes,No,Yes,High,Normal,Deficient,6,High,Cyclothymia
62,M,Yes,GG,AA,GG,High,Altered,Elevated,Yes,Yes,Yes,Low,Deficient,Deficient,5,Low,BD-I
37,F,Yes,AG,AA,GG,High,Altered,Elevated,Yes,Yes,Yes,Low,Deficient,Deficient,3,Low,BD-I
62,F,Yes,AG,AG,GG,High,Altered,Elevated,Yes,Yes,Yes,Low,Deficient,Deficient,3,Low,BD-I
43,M,Yes,GG,AG,AA,High,Altered,Elevated,Yes,Yes,Yes,Low,Deficient,Normal,3,Low,BD-II
35,M,Yes,GG,GG,GG,Normal,Altered,Normal,Yes,No,Yes,High,Normal,Deficient,8,Moderate,Cyclothymia
50,M,Yes,AA,AA,GG,High,Altered,Elevated,Yes,Yes,Yes,Low,Deficient,Normal,3,Low,BD-II
52,F,Yes,AG,AG,GG,Normal,Altered,Normal,Yes,No,Yes,High,Normal,Deficient,8,High,Cyclothymia
49,M,Yes,AA,GG,AG,Normal,Altered,Normal,Yes,No,Yes,High,Normal,Deficient,7,Moderate,Cyclothymia
46,M,Yes,AA,AA,AA,High,Altered,Elevated,Yes,Yes,Yes,Low,Deficient,Normal,5,Low,BD-II
23,F,Yes,GG,AA,AA,High,Altered,Elevated,Yes,Yes,Yes,Low,Deficient,Normal,5,Low,BD-II
56,M,Yes,AA,AG,AG,High,Altered,Elevated,Yes,Yes,Yes,Low,Deficient,Deficient,3,Low,BD-I
20,F,Yes,AA,AG,GG,High,Altered,Elevated,Yes,Yes,Yes,Low,Deficient,Normal,4,Low,BD-II
45,M,Yes,AG,AA,AG,Low,Altered,Normal,Yes,No,Yes,Adequate,Normal,Deficient,8,Moderate,Cyclothymia
65,F,Yes,AA,AA,AG,High,Altered,Elevated,Yes,Yes,Yes,Low,Deficient,Normal,5,Low,BD-II
38,M,Yes,AA,GG,AA,Low,Altered,Normal,Yes,No,Yes,High,Normal,Deficient,6,High,Cyclothymia
56,M,Yes,AA,AA,AA,High,Altered,Elevated,Yes,Yes,Yes,Low,Deficient,Normal,4,Low,BD-II
34,M,Yes,AG,AG,AG,Normal,Altered,Normal,Yes,No,Yes,Adequate,Normal,Deficient,6,High,Cyclothymia
19,F,Yes,GG,AA,GG,Normal,Normal,Normal,No,No,No,Adequate,Normal,Normal,6,Moderate,False
23,F,Yes,AG,AA,AA,High,Altered,Elevated,Yes,Yes,Yes,Low,Deficient,Normal,3,Low,BD-II
32,M,Yes,GG,GG,GG,Low,Altered,Normal,Yes,No,Yes,High,Normal,Deficient,6,High,Cyclothymia
61,M,Yes,GG,AG,AA,High,Altered,Elevated,Yes,Yes,Yes,Low,Deficient,Normal,5,Low,BD-II
54,F,Yes,GG,GG,GG,Low,Normal,Normal,No,No,No,Adequate,Normal,Normal,7,High,False
55,M,Yes,AG,AG,GG,Normal,Altered,Normal,Yes,No,Yes,Adequate,Normal,Deficient,7,Moderate,Cyclothymia
19,M,Yes,AG,AG,GG,Normal,Altered,Normal,Yes,No,Yes,Adequate,Normal,Deficient,6,Moderate,Cyclothymia
61,M,Yes,GG,AG,AG,High,Altered,Elevated,Yes,Yes,Yes,Low,Deficient,Deficient,3,Low,BD-I
35,F,Yes,AG,AG,AA,Low,Normal,Normal,No,No,No,Adequate,Normal,Normal,8,Moderate,False
54,F,Yes,AA,AG,GG,Low,Altered,Normal,Yes,No,Yes,High,Normal,Deficient,6,High,Cyclothymia
20,M,Yes,GG,AA,GG,High,Altered,Elevated,Yes,Yes,Yes,Low,Deficient,Deficient,3,Low,BD-I
29,F,Yes,GG,AA,AG,Normal,Altered,Normal,Yes,No,Yes,High,Normal,Deficient,8,High,Cyclothymia
48,M,Yes,GG,GG,AG,High,Altered,Elevated,Yes,Yes,Yes,Low,Deficient,Normal,4,Low,BD-II
51,F,Yes,GG,AA,GG,Low,Altered,Normal,Yes,No,Yes,High,Normal,Deficient,7,Moderate,Cyclothymia
59,M,Yes,AA,GG,GG,Normal,Altered,Normal,Yes,No,Yes,Adequate,Normal,Deficient,6,High,Cyclothymia
46,M,Yes,AG,AG,AA,High,Altered,Elevated,Yes,Yes,Yes,Low,Deficient,Normal,4,Low,BD-II
35,F,Yes,AA,AA,AA,Normal,Normal,Normal,No,No,No,High,Normal,Normal,7,High,False
29,M,Yes,AG,AG,AG,Low,Altered,Normal,Yes,No,Yes,Adequate,Normal,Deficient,7,Moderate,Cyclothymia
55,M,Yes,AA,GG,AG,High,Altered,Elevated,Yes,Yes,Yes,Low,Deficient,Deficient,5,Low,BD-I
45,F,Yes,GG,AA,AA,High,Altered,Elevated,Yes,Yes,Yes,Low,Deficient,Normal,4,Low,BD-II
58,F,Yes,AA,AA,AA,Low,Normal,Normal,No,No,No,Adequate,Normal,Normal,6,High,False
49,M,Yes,AA,GG,AA,High,Altered,Elevated,Yes,Yes,Yes,Low,Deficient,Deficient,3,Low,BD-I
23,F,No,GG,AA,AA,Normal,Normal,Normal,No,No,No,Adequate,Normal,Normal,8,Moderate,False
48,F,Yes,AG,GG,GG,High,Altered,Elevated,Yes,Yes,Yes,Low,Deficient,Deficient,3,Low,BD-I
40,F,Yes,AG,GG,GG,High,Altered,Elevated,Yes,Yes,Yes,Low,Deficient,Deficient,5,Low,BD-I
44,M,Yes,GG,AA,GG,High,Altered,Elevated,Yes,Yes,Yes,Low,Deficient,Normal,3,Low,BD-II
39,F,Yes,GG,AA,AG,Low,Altered,Normal,Yes,No,Yes,High,Normal,Deficient,6,High,Cyclothymia
38,M,Yes,GG,GG,AA,High,Altered,Elevated,Yes,Yes,Yes,Low,Deficient,Deficient,3,Low,BD-I
60,F,Yes,GG,AG,GG,High,Altered,Elevated,Yes,Yes,Yes,Low,Deficient,Normal,4,Low,BD-II
24,M,Yes,GG,AG,AA,High,Altered,Elevated,Yes,Yes,Yes,Low,Deficient,Normal,5,Low,BD-II
28,M,Yes,AA,AA,AA,High,Altered,Elevated,Yes,Yes,Yes,Low,Deficient,Normal,3,Low,BD-II
39,F,Yes,AG,AA,AG,Normal,Altered,Normal,Yes,No,Yes,High,Normal,Deficient,6,High,Cyclothymia
44,M,Yes,GG,AG,GG,High,Altered,Elevated,Yes,Yes,Yes,Low,Deficient,Deficient,3,Low,BD-I
62,M,Yes,AG,GG,GG,Low,Altered,Normal,Yes,No,Yes,High,Normal,Deficient,8,High,Cyclothymia
49,F,Yes,GG,GG,AA,Normal,Altered,Normal,Yes,No,Yes,Adequate,Normal,Deficient,7,High,Cyclothymia
36,F,Yes,AA,AG,GG,High,Altered,Elevated,Yes,Yes,Yes,Low,Deficient,Deficient,5,Low,BD-I
60,M,Yes,AA,AA,GG,High,Altered,Elevated,Yes,Yes,Yes,Low,Deficient,Deficient,5,Low,BD-I
43,F,Yes,AA,AA,AA,Low,Altered,Normal,Yes,No,Yes,Adequate,Normal,Deficient,7,Moderate,Cyclothymia
53,F,Yes,AA,AA,AA,High,Altered,Elevated,Yes,Yes,Yes,Low,Deficient,Deficient,4,Low,BD-I
20,M,Yes,AG,AG,AG,Normal,Altered,Normal,Yes,No,Yes,Adequate,Normal,Deficient,6,High,Cyclothymia
47,M,No,AA,AG,GG,Normal,Normal,Normal,No,No,No,High,Normal,Normal,8,High,False
23,M,Yes,AG,AG,AA,Low,Altered,Normal,Yes,No,Yes,Adequate,Normal,Deficient,8,High,Cyclothymia
38,F,Yes,GG,GG,GG,High,Altered,Elevated,Yes,Yes,Yes,Low,Deficient,Deficient,4,Low,BD-I
34,M,Yes,GG,GG,GG,High,Altered,Elevated,Yes,Yes,Yes,Low,Deficient,Deficient,3,Low,BD-I
38,F,Yes,AA,GG,AA,Low,Altered,Normal,Yes,No,Yes,Adequate,Normal,Deficient,6,High,Cyclothymia
25,M,No,AG,GG,GG,Low,Normal,Normal,No,No,No,High,Normal,Normal,7,Moderate,False
43,M,Yes,GG,AG,GG,High,Altered,Elevated,Yes,Yes,Yes,Low,Deficient,Deficient,3,Low,BD-I
50,M,Yes,GG,AG,AG,Low,Altered,Normal,Yes,No,Yes,Adequate,Normal,Deficient,6,Moderate,Cyclothymia
18,M,Yes,GG,GG,GG,Normal,Normal,Normal,No,No,No,Adequate,Normal,Normal,6,Moderate,False
60,F,Yes,GG,AA,AG,Normal,Altered,Normal,Yes,No,Yes,High,Normal,Deficient,8,High,Cyclothymia
52,F,No,AA,AG,AG,Normal,Normal,Normal,No,No,No,High,Normal,Normal,7,Moderate,False
47,F,Yes,AA,AG,AA,Low,Normal,Normal,No,No,No,Adequate,Normal,Normal,6,High,False
44,F,Yes,AA,AG,GG,Normal,Normal,Normal,No,No,No,High,Normal,Normal,7,High,False
21,F,No,GG,AA,GG,Low,Normal,Normal,No,No,No,High,Normal,Normal,6,High,False
30,M,Yes,AA,AA,AG,High,Altered,Elevated,Yes,Yes,Yes,Low,Deficient,Normal,3,Low,BD-II
51,M,Yes,GG,AG,AA,High,Altered,Elevated,Yes,Yes,Yes,Low,Deficient,Deficient,4,Low,BD-I
41,F,Yes,AA,AA,AG,High,Altered,Elevated,Yes,Yes,Yes,Low,Deficient,Deficient,5,Low,BD-I
57,F,Yes,AA,AA,AG,Normal,Altered,Normal,Yes,No,Yes,High,Normal,Deficient,7,Moderate,Cyclothymia
49,M,No,AG,AA,AG,Low,Normal,Normal,No,No,No,High,Normal,Normal,6,Moderate,False
58,F,Yes,AG,GG,GG,High,Altered,Elevated,Yes,Yes,Yes,Low,Deficient,Deficient,4,Low,BD-I
46,F,Yes,GG,AA,GG,High,Altered,Elevated,Yes,Yes,Yes,Low,Deficient,Deficient,3,Low,BD-I
21,M,Yes,GG,AA,GG,High,Altered,Elevated,Yes,Yes,Yes,Low,Deficient,Normal,3,Low,BD-II
31,F,Yes,GG,GG,GG,High,Altered,Elevated,Yes,Yes,Yes,Low,Deficient,Normal,5,Low,BD-II
35,F,Yes,AG,AA,AA,High,Altered,Elevated,Yes,Yes,Yes,Low,Deficient,Deficient,4,Low,BD-I
53,F,Yes,AA,GG,AG,High,Altered,Elevated,Yes,Yes,Yes,Low,Deficient,Normal,3,Low,BD-II
26,F,Yes,AG,GG,AA,High,Altered,Elevated,Yes,Yes,Yes,Low,Deficient,Deficient,4,Low,BD-I
36,F,Yes,AA,AA,AG,Normal,Altered,Normal,Yes,No,Yes,Adequate,Normal,Deficient,7,High,Cyclothymia
46,F,Yes,GG,AA,AG,High,Altered,Elevated,Yes,Yes,Yes,Low,Deficient,Normal,3,Low,BD-II
62,M,Yes,AG,AG,AA,High,Altered,Elevated,Yes,Yes,Yes,Low,Deficient,Normal,4,Low,BD-II
49,F,Yes,GG,GG,AA,Low,Normal,Normal,No,No,No,Adequate,Normal,Normal,8,High,False
25,F,Yes,AA,GG,AG,Normal,Altered,Normal,Yes,No,Yes,High,Normal,Deficient,6,Moderate,Cyclothymia
19,F,Yes,AA,AA,GG,High,Altered,Elevated,Yes,Yes,Yes,Low,Deficient,Normal,5,Low,BD-II
58,F,Yes,AG,AG,GG,Normal,Normal,Normal,No,No,No,Adequate,Normal,Normal,7,Moderate,False
56,M,Yes,AG,GG,AG,High,Altered,Elevated,Yes,Yes,Yes,Low,Deficient,Deficient,4,Low,BD-I
33,F,Yes,AG,AG,AG,High,Altered,Elevated,Yes,Yes,Yes,Low,Deficient,Deficient,3,Low,BD-I
63,M,Yes,GG,GG,AA,High,Altered,Elevated,Yes,Yes,Yes,Low,Deficient,Normal,4,Low,BD-II
28,F,No,AA,GG,AA,Normal,Normal,Normal,No,No,No,Adequate,Normal,Normal,6,Moderate,False
37,M,Yes,AG,AA,GG,Low,Altered,Normal,Yes,No,Yes,High,Normal,Deficient,6,High,Cyclothymia
53,F,Yes,GG,GG,GG,High,Altered,Elevated,Yes,Yes,Yes,Low,Deficient,Deficient,5,Low,BD-I
18,F,Yes,GG,AA,AA,High,Altered,Elevated,Yes,Yes,Yes,Low,Deficient,Deficient,5,Low,BD-I
53,M,Yes,GG,GG,GG,Low,Altered,Normal,Yes,No,Yes,Adequate,Normal,Deficient,6,High,Cyclothymia
44,M,No,AA,AA,GG,Normal,Normal,Normal,No,No,No,High,Normal,Normal,7,High,False
23,F,No,AG,GG,AA,Normal,Normal,Normal,No,No,No,High,Normal,Normal,6,High,False
32,F,Yes,AG,AA,GG,Low,Altered,Normal,Yes,No,Yes,High,Normal,Deficient,6,Moderate,Cyclothymia
25,F,Yes,GG,AA,AA,High,Altered,Elevated,Yes,Yes,Yes,Low,Deficient,Deficient,4,Low,BD-I
47,F,Yes,AG,GG,AG,Low,Altered,Normal,Yes,No,Yes,High,Normal,Deficient,7,Moderate,Cyclothymia
25,F,Yes,AA,AA,GG,Low,Altered,Normal,Yes,No,Yes,Adequate,Normal,Deficient,7,High,Cyclothymia
59,M,Yes,AG,AG,AA,Normal,Normal,Normal,No,No,No,Adequate,Normal,Normal,6,High,False
27,F,Yes,GG,AG,GG,High,Altered,Elevated,Yes,Yes,Yes,Low,Deficient,Deficient,4,Low,BD-I
49,F,Yes,AA,AG,AG,Normal,Normal,Normal,No,No,No,Adequate,Normal,Normal,6,High,False
63,F,Yes,AG,AA,AG,High,Altered,Elevated,Yes,Yes,Yes,Low,Deficient,Normal,4,Low,BD-II
36,M,Yes,AA,GG,AG,Low,Normal,Normal,No,No,No,High,Normal,Normal,8,Moderate,False
50,F,Yes,AG,AG,AA,High,Altered,Elevated,Yes,Yes,Yes,Low,Deficient,Deficient,3,Low,BD-I
63,F,Yes,AA,AG,AA,High,Altered,Elevated,Yes,Yes,Yes,Low,Deficient,Deficient,5,Low,BD-I
35,F,Yes,GG,GG,AG,High,Altered,Elevated,Yes,Yes,Yes,Low,Deficient,Normal,5,Low,BD-II
44,M,Yes,GG,AA,GG,High,Altered,Elevated,Yes,Yes,Yes,Low,Deficient,Normal,3,Low,BD-II
48,M,Yes,GG,AA,GG,Normal,Altered,Normal,Yes,No,Yes,High,Normal,Deficient,8,High,Cyclothymia
48,F,No,AA,GG,AG,Low,Normal,Normal,No,No,No,High,Normal,Normal,8,Moderate,False
33,F,Yes,AA,GG,AG,Normal,Altered,Normal,Yes,No,Yes,Adequate,Normal,Deficient,6,High,Cyclothymia
47,M,Yes,GG,GG,GG,Low,Normal,Normal,No,No,No,High,Normal,Normal,6,Moderate,False
53,M,Yes,GG,AA,AG,High,Altered,Elevated,Yes,Yes,Yes,Low,Deficient,Deficient,4,Low,BD-I
27,M,Yes,AA,AG,GG,High,Altered,Elevated,Yes,Yes,Yes,Low,Deficient,Normal,5,Low,BD-II
42,F,Yes,AA,AG,AG,High,Altered,Elevated,Yes,Yes,Yes,Low,Deficient,Deficient,4,Low,BD-I
30,M,Yes,AA,GG,GG,High,Altered,Elevated,Yes,Yes,Yes,Low,Deficient,Normal,3,Low,BD-II
56,M,Yes,AA,AA,AG,High,Altered,Elevated,Yes,Yes,Yes,Low,Deficient,Normal,5,Low,BD-II
50,M,Yes,AA,GG,GG,High,Altered,Elevated,Yes,Yes,Yes,Low,Deficient,Deficient,4,Low,BD-I
65,M,Yes,AG,GG,AG,High,Altered,Elevated,Yes,Yes,Yes,Low,Deficient,Deficient,4,Low,BD-I
26,F,Yes,AG,AG,AA,High,Altered,Elevated,Yes,Yes,Yes,Low,Deficient,Normal,4,Low,BD-II
22,F,Yes,AG,GG,AG,High,Altered,Elevated,Yes,Yes,Yes,Low,Deficient,Deficient,3,Low,BD-I
35,F,Yes,AA,GG,GG,High,Altered,Elevated,Yes,Yes,Yes,Low,Deficient,Normal,5,Low,BD-II
44,M,Yes,AA,GG,GG,High,Altered,Elevated,Yes,Yes,Yes,Low,Deficient,Deficient,4,Low,BD-I
39,M,Yes,AA,AA,AG,High,Altered,Elevated,Yes,Yes,Yes,Low,Deficient,Normal,5,Low,BD-II
50,F,Yes,GG,AG,AA,High,Altered,Elevated,Yes,Yes,Yes,Low,Deficient,Deficient,3,Low,BD-I
35,F,Yes,GG,AA,AG,High,Altered,Elevated,Yes,Yes,Yes,Low,Deficient,Normal,3,Low,BD-II
18,F,Yes,GG,GG,GG,High,Altered,Elevated,Yes,Yes,Yes,Low,Deficient,Normal,4,Low,BD-II
36,F,Yes,GG,GG,GG,Low,Normal,Normal,No,No,No,High,Normal,Normal,7,Moderate,False
64,M,Yes,AG,GG,AG,Normal,Normal,Normal,No,No,No,High,Normal,Normal,8,Moderate,False
37,M,Yes,AA,AA,AG,High,Altered,Elevated,Yes,Yes,Yes,Low,Deficient,Normal,3,Low,BD-II
55,F,Yes,AG,AG,AG,High,Altered,Elevated,Yes,Yes,Yes,Low,Deficient,Normal,5,Low,BD-II
55,F,Yes,AA,AA,GG,Low,Altered,Normal,Yes,No,Yes,High,Normal,Deficient,6,Moderate,Cyclothymia
60,F,Yes,AG,AA,AG,High,Altered,Elevated,Yes,Yes,Yes,Low,Deficient,Normal,5,Low,BD-II
49,F,Yes,GG,AG,GG,High,Altered,Elevated,Yes,Yes,Yes,Low,Deficient,Normal,3,Low,BD-II
27,M,No,AG,AA,AG,Low,Normal,Normal,No,No,No,Adequate,Normal,Normal,7,Moderate,False
46,M,Yes,AG,GG,GG,Normal,Altered,Normal,Yes,No,Yes,Adequate,Normal,Deficient,6,Moderate,Cyclothymia
52,M,Yes,AA,AA,AA,High,Altered,Elevated,Yes,Yes,Yes,Low,Deficient,Deficient,3,Low,BD-I
48,M,Yes,GG,AG,GG,High,Altered,Elevated,Yes,Yes,Yes,Low,Deficient,Deficient,4,Low,BD-I
40,F,Yes,AG,GG,AA,High,Altered,Elevated,Yes,Yes,Yes,Low,Deficient,Deficient,5,Low,BD-I
39,F,No,AA,AA,GG,Normal,Normal,Normal,No,No,No,High,Normal,Normal,8,High,False
53,M,Yes,GG,AG,AA,Low,Normal,Normal,No,No,No,Adequate,Normal,Normal,6,High,False
52,F,Yes,GG,GG,AG,High,Altered,Elevated,Yes,Yes,Yes,Low,Deficient,Normal,4,Low,BD-II
42,F,Yes,AA,AG,GG,Normal,Altered,Normal,Yes,No,Yes,High,Normal,Deficient,8,High,Cyclothymia
47,F,Yes,AA,AG,AA,High,Altered,Elevated,Yes,Yes,Yes,Low,Deficient,Deficient,4,Low,BD-I
38,M,No,AA,AA,AA,Low,Normal,Normal,No,No,No,High,Normal,Normal,7,High,False
30,F,Yes,GG,AA,AA,Low,Altered,Normal,Yes,No,Yes,High,Normal,Deficient,8,High,Cyclothymia
62,F,Yes,AA,GG,GG,Normal,Altered,Normal,Yes,No,Yes,Adequate,Normal,Deficient,6,Moderate,Cyclothymia
33,M,Yes,AG,AG,AG,High,Altered,Elevated,Yes,Yes,Yes,Low,Deficient,Normal,4,Low,BD-II
54,M,Yes,AA,AA,AG,Normal,Normal,Normal,No,No,No,High,Normal,Normal,7,Moderate,False
42,M,Yes,AG,GG,GG,Normal,Altered,Normal,Yes,No,Yes,High,Normal,Deficient,6,Moderate,Cyclothymia
32,M,Yes,AG,AG,GG,High,Altered,Elevated,Yes,Yes,Yes,Low,Deficient,Normal,3,Low,BD-II
44,F,Yes,AG,AG,GG,High,Altered,Elevated,Yes,Yes,Yes,Low,Deficient,Normal,5,Low,BD-II
20,M,Yes,AG,AA,GG,Normal,Altered,Normal,Yes,No,Yes,Adequate,Normal,Deficient,6,High,Cyclothymia
38,F,No,AA,AA,GG,Low,Normal,Normal,No,No,No,Adequate,Normal,Normal,8,Moderate,False
65,M,Yes,GG,AA,AA,High,Altered,Elevated,Yes,Yes,Yes,Low,Deficient,Normal,5,Low,BD-II
48,F,No,AG,GG,AA,Low,Normal,Normal,No,No,No,High,Normal,Normal,7,Moderate,False
63,F,Yes,AA,AA,AG,High,Altered,Elevated,Yes,Yes,Yes,Low,Deficient,Normal,3,Low,BD-II
42,M,No,AG,AA,GG,Low,Normal,Normal,No,No,No,Adequate,Normal,Normal,6,High,False
42,F,No,AA,GG,AA,Normal,Normal,Normal,No,No,No,High,Normal,Normal,7,High,False
60,F,Yes,AG,GG,AA,High,Altered,Elevated,Yes,Yes,Yes,Low,Deficient,Normal,4,Low,BD-II
59,M,Yes,GG,AG,AA,High,Altered,Elevated,Yes,Yes,Yes,Low,Deficient,Deficient,3,Low,BD-I
27,M,No,AG,AA,AG,Normal,Normal,Normal,No,No,No,Adequate,Normal,Normal,8,Moderate,False
49,F,Yes,GG,AA,GG,Low,Normal,Normal,No,No,No,High,Normal,Normal,6,Moderate,False
20,M,No,GG,GG,AG,Low,Normal,Normal,No,No,No,High,Normal,Normal,6,High,False
26,M,Yes,AA,AA,AA,Low,Altered,Normal,Yes,No,Yes,High,Normal,Deficient,7,Moderate,Cyclothymia
50,M,No,AG,GG,AA,Low,Normal,Normal,No,No,No,High,Normal,Normal,8,Moderate,False
55,M,Yes,AG,GG,AG,High,Altered,Elevated,Yes,Yes,Yes,Low,Deficient,Normal,4,Low,BD-II
39,M,Yes,GG,AA,AA,Normal,Altered,Normal,Yes,No,Yes,Adequate,Normal,Deficient,6,Moderate,Cyclothymia
24,F,No,AG,AG,AG,Low,Normal,Normal,No,No,No,Adequate,Normal,Normal,8,High,False
46,M,Yes,AA,GG,AA,High,Altered,Elevated,Yes,Yes,Yes,Low,Deficient,Normal,4,Low,BD-II
24,F,Yes,GG,AA,GG,High,Altered,Elevated,Yes,Yes,Yes,Low,Deficient,Deficient,5,Low,BD-I
51,F,Yes,GG,AG,AA,High,Altered,Elevated,Yes,Yes,Yes,Low,Deficient,Normal,5,Low,BD-II
47,F,Yes,AA,AG,GG,High,Altered,Elevated,Yes,Yes,Yes,Low,Deficient,Normal,5,Low,BD-II
18,M,Yes,AA,AG,AG,High,Altered,Elevated,Yes,Yes,Yes,Low,Deficient,Deficient,3,Low,BD-I
64,M,Yes,AA,AG,AG,Low,Altered,Normal,Yes,No,Yes,Adequate,Normal,Deficient,7,High,Cyclothymia
27,M,Yes,AG,AA,GG,Normal,Normal,Normal,No,No,No,High,Normal,Normal,7,Moderate,False
44,F,Yes,AA,AA,GG,High,Altered,Elevated,Yes,Yes,Yes,Low,Deficient,Normal,3,Low,BD-II
59,F,Yes,AA,AA,GG,High,Altered,Elevated,Yes,Yes,Yes,Low,Deficient,Deficient,5,Low,BD-I
27,F,Yes,GG,AA,AG,High,Altered,Elevated,Yes,Yes,Yes,Low,Deficient,Normal,4,Low,BD-II
22,F,Yes,AG,AG,GG,Low,Altered,Normal,Yes,No,Yes,High,Normal,Deficient,6,High,Cyclothymia
48,F,Yes,GG,AG,GG,High,Altered,Elevated,Yes,Yes,Yes,Low,Deficient,Normal,4,Low,BD-II
34,M,Yes,GG,GG,AA,High,Altered,Elevated,Yes,Yes,Yes,Low,Deficient,Normal,5,Low,BD-II
39,M,Yes,AA,AG,AA,High,Altered,Elevated,Yes,Yes,Yes,Low,Deficient,Normal,4,Low,BD-II
57,F,No,AG,AG,GG,Normal,Normal,Normal,No,No,No,Adequate,Normal,Normal,8,High,False
62,M,Yes,AA,GG,AG,High,Altered,Elevated,Yes,Yes,Yes,Low,Deficient,Deficient,5,Low,BD-I
43,F,Yes,GG,AA,AG,High,Altered,Elevated,Yes,Yes,Yes,Low,Deficient,Normal,3,Low,BD-II
59,F,Yes,AG,AA,AA,Low,Altered,Normal,Yes,No,Yes,High,Normal,Deficient,8,Moderate,Cyclothymia
23,F,Yes,GG,AA,AA,Low,Normal,Normal,No,No,No,Adequate,Normal,Normal,6,High,False
39,M,Yes,GG,AA,GG,Normal,Normal,Normal,No,No,No,High,Normal,Normal,7,Moderate,False
61,M,Yes,AG,AA,GG,High,Altered,Elevated,Yes,Yes,Yes,Low,Deficient,Normal,5,Low,BD-II
52,M,Yes,AA,GG,AG,High,Altered,Elevated,Yes,Yes,Yes,Low,Deficient,Normal,4,Low,BD-II
42,F,Yes,AA,GG,AA,High,Altered,Elevated,Yes,Yes,Yes,Low,Deficient,Deficient,5,Low,BD-I
38,M,Yes,GG,AA,AA,Low,Altered,Normal,Yes,No,Yes,High,Normal,Deficient,6,Moderate,Cyclothymia
58,M,No,AA,AG,GG,Normal,Normal,Normal,No,No,No,High,Normal,Normal,7,Moderate,False
63,M,Yes,AG,AG,GG,High,Altered,Elevated,Yes,Yes,Yes,Low,Deficient,Normal,4,Low,BD-II
49,F,Yes,AG,AG,GG,Normal,Altered,Normal,Yes,No,Yes,Adequate,Normal,Deficient,7,Moderate,Cyclothymia
52,M,Yes,AA,GG,GG,Normal,Altered,Normal,Yes,No,Yes,Adequate,Normal,Deficient,8,High,Cyclothymia
20,M,Yes,AA,AG,AA,Low,Altered,Normal,Yes,No,Yes,Adequate,Normal,Deficient,8,High,Cyclothymia
57,F,Yes,GG,GG,GG,High,Altered,Elevated,Yes,Yes,Yes,Low,Deficient,Normal,5,Low,BD-II
22,M,Yes,AG,AA,AA,Normal,Altered,Normal,Yes,No,Yes,High,Normal,Deficient,8,Moderate,Cyclothymia
33,F,Yes,AA,AG,GG,Normal,Normal,Normal,No,No,No,Adequate,Normal,Normal,6,Moderate,False
58,F,Yes,AA,AG,AA,High,Altered,Elevated,Yes,Yes,Yes,Low,Deficient,Deficient,5,Low,BD-I
61,M,Yes,AA,AA,AG,Normal,Normal,Normal,No,No,No,High,Normal,Normal,6,Moderate,False
36,F,Yes,GG,AA,AA,High,Altered,Elevated,Yes,Yes,Yes,Low,Deficient,Deficient,5,Low,BD-I
32,M,Yes,AG,AG,GG,High,Altered,Elevated,Yes,Yes,Yes,Low,Deficient,Normal,4,Low,BD-II
65,F,Yes,GG,AG,AA,High,Altered,Elevated,Yes,Yes,Yes,Low,Deficient,Deficient,5,Low,BD-I
23,M,No,AG,AG,AA,Normal,Normal,Normal,No,No,No,High,Normal,Normal,6,High,False
45,F,Yes,AG,AG,AA,High,Altered,Elevated,Yes,Yes,Yes,Low,Deficient,Normal,5,Low,BD-II
24,M,Yes,GG,AG,AG,High,Altered,Elevated,Yes,Yes,Yes,Low,Deficient,Normal,5,Low,BD-II
58,M,Yes,AA,GG,AG,High,Altered,Elevated,Yes,Yes,Yes,Low,Deficient,Deficient,4,Low,BD-I
63,M,Yes,GG,AG,AG,High,Altered,Elevated,Yes,Yes,Yes,Low,Deficient,Deficient,3,Low,BD-I
24,M,Yes,AA,AG,GG,Normal,Altered,Normal,Yes,No,Yes,Adequate,Normal,Deficient,6,High,Cyclothymia
46,F,Yes,GG,GG,AG,Normal,Normal,Normal,No,No,No,High,Normal,Normal,7,High,False
28,M,Yes,AA,AA,AG,Low,Altered,Normal,Yes,No,Yes,Adequate,Normal,Deficient,7,Moderate,Cyclothymia
62,M,Yes,GG,AA,GG,High,Altered,Elevated,Yes,Yes,Yes,Low,Deficient,Deficient,4,Low,BD-I
37,M,Yes,AG,AA,AA,Normal,Normal,Normal,No,No,No,High,Normal,Normal,8,High,False
19,M,Yes,AA,GG,GG,High,Altered,Elevated,Yes,Yes,Yes,Low,Deficient,Normal,3,Low,BD-II
20,F,Yes,GG,GG,AA,High,Altered,Elevated,Yes,Yes,Yes,Low,Deficient,Deficient,4,Low,BD-I
38,M,Yes,GG,AA,GG,Low,Altered,Normal,Yes,No,Yes,High,Normal,Deficient,7,Moderate,Cyclothymia
21,F,Yes,AA,AA,GG,High,Altered,Elevated,Yes,Yes,Yes,Low,Deficient,Deficient,3,Low,BD-I
36,M,Yes,AG,AA,AA,Normal,Altered,Normal,Yes,No,Yes,Adequate,Normal,Deficient,8,Moderate,Cyclothymia
40,F,Yes,GG,AG,AA,High,Altered,Elevated,Yes,Yes,Yes,Low,Deficient,Deficient,5,Low,BD-I
41,F,No,AA,GG,GG,Low,Normal,Normal,No,No,No,Adequate,Normal,Normal,8,Moderate,False
45,F,Yes,AA,AG,AG,High,Altered,Elevated,Yes,Yes,Yes,Low,Deficient,Normal,3,Low,BD-II
27,F,Yes,AG,GG,GG,Low,Altered,Normal,Yes,No,Yes,High,Normal,Deficient,8,Moderate,Cyclothymia
33,M,Yes,AG,GG,GG,High,Altered,Elevated,Yes,Yes,Yes,Low,Deficient,Deficient,5,Low,BD-I
51,F,Yes,AG,AG,GG,High,Altered,Elevated,Yes,Yes,Yes,Low,Deficient,Normal,3,Low,BD-II
44,F,Yes,AG,AA,AG,High,Altered,Elevated,Yes,Yes,Yes,Low,Deficient,Normal,3,Low,BD-II
54,F,Yes,GG,GG,AG,Low,Normal,Normal,No,No,No,High,Normal,Normal,7,Moderate,False
61,M,No,GG,AG,AG,Normal,Normal,Normal,No,No,No,High,Normal,Normal,6,High,False
29,M,Yes,AG,AG,AA,High,Altered,Elevated,Yes,Yes,Yes,Low,Deficient,Deficient,5,Low,BD-I
28,M,Yes,AG,GG,GG,High,Altered,Elevated,Yes,Yes,Yes,Low,Deficient,Deficient,3,Low,BD-I
29,F,Yes,AG,AA,AA,High,Altered,Elevated,Yes,Yes,Yes,Low,Deficient,Deficient,5,Low,BD-I
23,F,Yes,AG,GG,AG,High,Altered,Elevated,Yes,Yes,Yes,Low,Deficient,Normal,4,Low,BD-II
57,F,Yes,AA,GG,AG,High,Altered,Elevated,Yes,Yes,Yes,Low,Deficient,Normal,5,Low,BD-II
42,F,Yes,AA,AA,GG,High,Altered,Elevated,Yes,Yes,Yes,Low,Deficient,Normal,5,Low,BD-II
57,M,No,AA,AG,AA,Low,Normal,Normal,No,No,No,Adequate,Normal,Normal,8,High,False
61,F,Yes,AA,AG,AG,Normal,Altered,Normal,Yes,No,Yes,Adequate,Normal,Deficient,6,High,Cyclothymia
33,M,Yes,GG,AA,AA,Normal,Altered,Normal,Yes,No,Yes,Adequate,Normal,Deficient,8,High,Cyclothymia
49,F,Yes,AA,AG,AG,High,Altered,Elevated,Yes,Yes,Yes,Low,Deficient,Normal,3,Low,BD-II
55,F,Yes,AA,AG,GG,Normal,Altered,Normal,Yes,No,Yes,Adequate,Normal,Deficient,7,Moderate,Cyclothymia
27,F,Yes,AA,AA,AA,Low,Normal,Normal,No,No,No,Adequate,Normal,Normal,7,High,False
32,F,No,AA,AA,GG,Low,Normal,Normal,No,No,No,Adequate,Normal,Normal,7,High,False
47,M,Yes,AG,AG,AA,High,Altered,Elevated,Yes,Yes,Yes,Low,Deficient,Normal,5,Low,BD-II
58,F,Yes,AG,GG,GG,High,Altered,Elevated,Yes,Yes,Yes,Low,Deficient,Normal,5,Low,BD-II
34,M,No,AG,AG,AG,Normal,Normal,Normal,No,No,No,Adequate,Normal,Normal,7,Moderate,False
47,F,Yes,AG,AA,AG,High,Altered,Elevated,Yes,Yes,Yes,Low,Deficient,Deficient,4,Low,BD-I
34,M,Yes,AA,GG,AA,High,Altered,Elevated,Yes,Yes,Yes,Low,Deficient,Normal,3,Low,BD-II
60,F,Yes,GG,GG,GG,High,Altered,Elevated,Yes,Yes,Yes,Low,Deficient,Deficient,3,Low,BD-I
18,M,Yes,AG,GG,AG,Normal,Normal,Normal,No,No,No,High,Normal,Normal,7,High,False
47,F,No,AA,GG,GG,Low,Normal,Normal,No,No,No,High,Normal,Normal,7,High,False
36,F,Yes,AG,GG,GG,Normal,Altered,Normal,Yes,No,Yes,High,Normal,Deficient,7,High,Cyclothymia
61,M,Yes,AG,GG,AG,Low,Normal,Normal,No,No,No,High,Normal,Normal,7,Moderate,False
52,M,Yes,AG,GG,GG,High,Altered,Elevated,Yes,Yes,Yes,Low,Deficient,Normal,5,Low,BD-II
28,M,Yes,AG,AA,AG,Normal,Altered,Normal,Yes,No,Yes,Adequate,Normal,Deficient,8,High,Cyclothymia
22,M,Yes,AA,GG,AG,Normal,Normal,Normal,No,No,No,Adequate,Normal,Normal,6,Moderate,False
46,F,No,AA,AG,GG,Low,Normal,Normal,No,No,No,High,Normal,Normal,7,High,False
40,F,Yes,AA,GG,AG,High,Altered,Elevated,Yes,Yes,Yes,Low,Deficient,Deficient,5,Low,BD-I
55,F,Yes,GG,GG,AA,High,Altered,Elevated,Yes,Yes,Yes,Low,Deficient,Normal,5,Low,BD-II
37,M,Yes,AG,GG,AG,High,Altered,Elevated,Yes,Yes,Yes,Low,Deficient,Deficient,5,Low,BD-I
58,M,No,GG,GG,AG,Normal,Normal,Normal,No,No,No,High,Normal,Normal,8,High,False
45,F,Yes,GG,GG,GG,High,Altered,Elevated,Yes,Yes,Yes,Low,Deficient,Deficient,4,Low,BD-I
62,F,Yes,GG,AA,AG,Low,Altered,Normal,Yes,No,Yes,High,Normal,Deficient,7,High,Cyclothymia
34,M,Yes,AA,AG,GG,High,Altered,Elevated,Yes,Yes,Yes,Low,Deficient,Deficient,5,Low,BD-I
47,M,Yes,AA,GG,AA,Normal,Altered,Normal,Yes,No,Yes,High,Normal,Deficient,7,High,Cyclothymia
37,F,Yes,AG,GG,AG,High,Altered,Elevated,Yes,Yes,Yes,Low,Deficient,Normal,5,Low,BD-II
30,F,Yes,AA,AA,AA,Low,Normal,Normal,No,No,No,High,Normal,Normal,8,Moderate,False
42,F,Yes,AA,AG,AG,High,Altered,Elevated,Yes,Yes,Yes,Low,Deficient,Deficient,3,Low,BD-I
48,F,Yes,GG,AG,AA,Normal,Altered,Normal,Yes,No,Yes,Adequate,Normal,Deficient,6,Moderate,Cyclothymia
24,F,Yes,AA,GG,AG,High,Altered,Elevated,Yes,Yes,Yes,Low,Deficient,Normal,4,Low,BD-II
33,M,Yes,AG,GG,GG,High,Altered,Elevated,Yes,Yes,Yes,Low,Deficient,Normal,3,Low,BD-II
42,M,Yes,AG,GG,AA,High,Altered,Elevated,Yes,Yes,Yes,Low,Deficient,Deficient,3,Low,BD-I
54,F,Yes,GG,AG,GG,Normal,Altered,Normal,Yes,No,Yes,Adequate,Normal,Deficient,7,Moderate,Cyclothymia
40,F,Yes,AA,AA,GG,Low,Normal,Normal,No,No,No,High,Normal,Normal,6,Moderate,False
54,M,Yes,GG,GG,AA,High,Altered,Elevated,Yes,Yes,Yes,Low,Deficient,Normal,4,Low,BD-II
36,M,Yes,AG,GG,AG,High,Altered,Elevated,Yes,Yes,Yes,Low,Deficient,Deficient,3,Low,BD-I
62,F,Yes,AG,AA,AG,High,Altered,Elevated,Yes,Yes,Yes,Low,Deficient,Deficient,3,Low,BD-I
36,M,Yes,AA,AA,AG,High,Altered,Elevated,Yes,Yes,Yes,Low,Deficient,Normal,3,Low,BD-II
19,M,Yes,AA,GG,GG,High,Altered,Elevated,Yes,Yes,Yes,Low,Deficient,Deficient,4,Low,BD-I
60,F,Yes,AG,AA,GG,High,Altered,Elevated,Yes,Yes,Yes,Low,Deficient,Deficient,3,Low,BD-I
43,F,Yes,AG,GG,AA,High,Altered,Elevated,Yes,Yes,Yes,Low,Deficient,Deficient,5,Low,BD-I
35,F,Yes,GG,AG,GG,High,Altered,Elevated,Yes,Yes,Yes,Low,Deficient,Deficient,3,Low,BD-I
18,F,Yes,GG,AG,AG,High,Altered,Elevated,Yes,Yes,Yes,Low,Deficient,Normal,4,Low,BD-II
54,M,Yes,GG,AA,AA,High,Altered,Elevated,Yes,Yes,Yes,Low,Deficient,Normal,3,Low,BD-II
61,M,Yes,AA,AA,AG,Low,Altered,Normal,Yes,No,Yes,Adequate,Normal,Deficient,6,High,Cyclothymia
65,F,Yes,AA,AG,AA,Low,Altered,Normal,Yes,No,Yes,High,Normal,Deficient,8,High,Cyclothymia
21,M,Yes,AG,AG,AG,High,Altered,Elevated,Yes,Yes,Yes,Low,Deficient,Deficient,5,Low,BD-I
56,F,Yes,AA,AA,GG,High,Altered,Elevated,Yes,Yes,Yes,Low,Deficient,Normal,3,Low,BD-II
65,F,Yes,AA,AG,GG,High,Altered,Elevated,Yes,Yes,Yes,Low,Deficient,Normal,4,Low,BD-II
49,F,No,AA,AG,AG,Normal,Normal,Normal,No,No,No,Adequate,Normal,Normal,7,High,False
36,F,Yes,AA,AA,AA,High,Altered,Elevated,Yes,Yes,Yes,Low,Deficient,Normal,5,Low,BD-II
32,M,No,AA,GG,GG,Normal,Normal,Normal,No,No,No,High,Normal,Normal,8,High,False
56,F,Yes,AA,AA,AA,Low,Normal,Normal,No,No,No,Adequate,Normal,Normal,6,Moderate,False
40,M,Yes,AA,GG,AG,Low,Altered,Normal,Yes,No,Yes,Adequate,Normal,Deficient,7,Moderate,Cyclothymia
32,M,Yes,AA,GG,AG,High,Altered,Elevated,Yes,Yes,Yes,Low,Deficient,Normal,4,Low,BD-II
58,F,Yes,AG,AG,AG,High,Altered,Elevated,Yes,Yes,Yes,Low,Deficient,Normal,4,Low,BD-II
30,F,Yes,AG,AG,AA,Normal,Altered,Normal,Yes,No,Yes,High,Normal,Deficient,7,High,Cyclothymia
57,M,Yes,GG,AA,GG,High,Altered,Elevated,Yes,Yes,Yes,Low,Deficient,Deficient,5,Low,BD-I
34,F,Yes,GG,AA,AG,Low,Altered,Normal,Yes,No,Yes,Adequate,Normal,Deficient,8,High,Cyclothymia
61,F,Yes,GG,AG,AA,High,Altered,Elevated,Yes,Yes,Yes,Low,Deficient,Deficient,3,Low,BD-I
64,F,No,AA,AG,GG,Normal,Normal,Normal,No,No,No,High,Normal,Normal,7,Moderate,False
60,M,Yes,GG,GG,GG,High,Altered,Elevated,Yes,Yes,Yes,Low,Deficient,Normal,3,Low,BD-II
61,M,Yes,GG,AG,AA,High,Altered,Elevated,Yes,Yes,Yes,Low,Deficient,Deficient,3,Low,BD-I
26,M,Yes,AG,AA,AG,Low,Altered,Normal,Yes,No,Yes,Adequate,Normal,Deficient,6,High,Cyclothymia
58,F,Yes,AA,AG,GG,High,Altered,Elevated,Yes,Yes,Yes,Low,Deficient,Normal,3,Low,BD-II
24,F,Yes,AA,AG,AA,Low,Normal,Normal,No,No,No,Adequate,Normal,Normal,8,High,False
58,F,No,AA,AG,AA,Normal,Normal,Normal,No,No,No,High,Normal,Normal,8,High,False
59,F,Yes,AA,AA,GG,Normal,Normal,Normal,No,No,No,High,Normal,Normal,7,Moderate,False
20,M,Yes,GG,AG,AA,High,Altered,Elevated,Yes,Yes,Yes,Low,Deficient,Normal,4,Low,BD-II
37,M,Yes,AG,GG,AG,High,Altered,Elevated,Yes,Yes,Yes,Low,Deficient,Normal,5,Low,BD-II
46,F,Yes,AA,GG,AA,Normal,Altered,Normal,Yes,No,Yes,High,Normal,Deficient,7,Moderate,Cyclothymia
20,M,Yes,AA,AA,AA,Low,Normal,Normal,No,No,No,High,Normal,Normal,8,High,False
55,M,Yes,AG,AA,AA,Normal,Altered,Normal,Yes,No,Yes,High,Normal,Deficient,8,Moderate,Cyclothymia
41,M,Yes,AA,AG,AA,Normal,Altered,Normal,Yes,No,Yes,High,Normal,Deficient,7,Moderate,Cyclothymia
64,M,Yes,AA,AG,GG,High,Altered,Elevated,Yes,Yes,Yes,Low,Deficient,Normal,4,Low,BD-II
26,F,No,AG,AA,AG,Normal,Normal,Normal,No,No,No,High,Normal,Normal,8,High,False
23,F,Yes,AA,GG,AA,Low,Altered,Normal,Yes,No,Yes,Adequate,Normal,Deficient,8,High,Cyclothymia
36,F,Yes,AA,GG,AA,High,Altered,Elevated,Yes,Yes,Yes,Low,Deficient,Deficient,5,Low,BD-I
38,M,Yes,GG,AA,AA,High,Altered,Elevated,Yes,Yes,Yes,Low,Deficient,Deficient,5,Low,BD-I
65,M,No,AG,AA,AA,Low,Normal,Normal,No,No,No,Adequate,Normal,Normal,8,High,False
44,F,Yes,GG,GG,GG,Low,Altered,Normal,Yes,No,Yes,High,Normal,Deficient,7,Moderate,Cyclothymia
29,F,Yes,AG,GG,GG,High,Altered,Elevated,Yes,Yes,Yes,Low,Deficient,Deficient,4,Low,BD-I
30,M,Yes,AG,GG,AG,Low,Altered,Normal,Yes,No,Yes,Adequate,Normal,Deficient,7,High,Cyclothymia
26,F,Yes,AA,AG,GG,High,Altered,Elevated,Yes,Yes,Yes,Low,Deficient,Normal,5,Low,BD-II
52,F,No,AG,GG,AA,Normal,Normal,Normal,No,No,No,Adequate,Normal,Normal,6,Moderate,False
41,F,Yes,GG,GG,GG,Normal,Altered,Normal,Yes,No,Yes,High,Normal,Deficient,7,High,Cyclothymia
51,F,Yes,AG,AA,AA,Low,Altered,Normal,Yes,No,Yes,High,Normal,Deficient,6,High,Cyclothymia
50,F,Yes,AA,GG,AG,High,Altered,Elevated,Yes,Yes,Yes,Low,Deficient,Deficient,4,Low,BD-I
35,F,Yes,AG,GG,AG,Low,Altered,Normal,Yes,No,Yes,High,Normal,Deficient,6,High,Cyclothymia
28,M,Yes,AA,AG,GG,High,Altered,Elevated,Yes,Yes,Yes,Low,Deficient,Normal,4,Low,BD-II
34,F,Yes,AA,AG,AG,High,Altered,Elevated,Yes,Yes,Yes,Low,Deficient,Deficient,4,Low,BD-I
48,F,Yes,AG,AG,AG,Low,Altered,Normal,Yes,No,Yes,Adequate,Normal,Deficient,7,High,Cyclothymia
36,M,Yes,AG,AA,GG,High,Altered,Elevated,Yes,Yes,Yes,Low,Deficient,Normal,3,Low,BD-II
65,F,No,AG,AA,AG,Low,Normal,Normal,No,No,No,High,Normal,Normal,6,High,False
39,F,No,AA,AG,AG,Normal,Normal,Normal,No,No,No,Adequate,Normal,Normal,7,Moderate,False
25,M,Yes,AA,AG,AA,High,Altered,Elevated,Yes,Yes,Yes,Low,Deficient,Deficient,4,Low,BD-I
47,F,Yes,GG,GG,GG,High,Altered,Elevated,Yes,Yes,Yes,Low,Deficient,Normal,4,Low,BD-II
22,F,No,GG,GG,AG,Low,Normal,Normal,No,No,No,Adequate,Normal,Normal,6,Moderate,False
27,M,No,GG,GG,AG,Normal,Normal,Normal,No,No,No,Adequate,Normal,Normal,8,High,False
32,M,Yes,AA,AG,AA,Low,Altered,Normal,Yes,No,Yes,Adequate,Normal,Deficient,6,Moderate,Cyclothymia
61,F,Yes,GG,GG,GG,High,Altered,Elevated,Yes,Yes,Yes,Low,Deficient,Deficient,5,Low,BD-I
64,M,Yes,AG,GG,AA,High,Altered,Elevated,Yes,Yes,Yes,Low,Deficient,Deficient,5,Low,BD-I
61,F,Yes,AG,AG,AA,Low,Normal,Normal,No,No,No,Adequate,Normal,Normal,7,High,False
43,M,Yes,AG,GG,GG,Normal,Normal,Normal,No,No,No,Adequate,Normal,Normal,6,High,False
53,M,Yes,GG,AG,AG,High,Altered,Elevated,Yes,Yes,Yes,Low,Deficient,Normal,3,Low,BD-II
41,M,Yes,AG,AA,AG,High,Altered,Elevated,Yes,Yes,Yes,Low,Deficient,Deficient,5,Low,BD-I
23,M,Yes,AA,AA,GG,High,Altered,Elevated,Yes,Yes,Yes,Low,Deficient,Deficient,5,Low,BD-I
43,M,Yes,AA,GG,AA,Low,Normal,Normal,No,No,No,High,Normal,Normal,8,High,False
18,M,Yes,AG,AA,GG,High,Altered,Elevated,Yes,Yes,Yes,Low,Deficient,Normal,3,Low,BD-II
34,F,Yes,AG,AA,AG,Normal,Normal,Normal,No,No,No,High,Normal,Normal,6,High,False
52,F,Yes,AA,AG,AG,High,Altered,Elevated,Yes,Yes,Yes,Low,Deficient,Deficient,3,Low,BD-I
25,F,Yes,AG,AG,GG,Normal,Altered,Normal,Yes,No,Yes,Adequate,Normal,Deficient,6,Moderate,Cyclothymia
47,M,Yes,AA,GG,AA,High,Altered,Elevated,Yes,Yes,Yes,Low,Deficient,Deficient,3,Low,BD-I
41,F,Yes,GG,AG,AG,Low,Altered,Normal,Yes,No,Yes,Adequate,Normal,Deficient,7,Moderate,Cyclothymia
61,M,Yes,GG,GG,AA,High,Altered,Elevated,Yes,Yes,Yes,Low,Deficient,Deficient,5,Low,BD-I
65,F,No,AA,GG,GG,Low,Normal,Normal,No,No,No,Adequate,Normal,Normal,6,Moderate,False
61,F,Yes,GG,AG,GG,High,Altered,Elevated,Yes,Yes,Yes,Low,Deficient,Normal,4,Low,BD-II
34,M,Yes,GG,GG,AG,Normal,Normal,Normal,No,No,No,High,Normal,Normal,7,High,False
55,M,Yes,AA,AA,AG,Normal,Altered,Normal,Yes,No,Yes,High,Normal,Deficient,7,Moderate,Cyclothymia
42,M,No,AG,AA,GG,Low,Normal,Normal,No,No,No,High,Normal,Normal,6,Moderate,False
58,F,Yes,GG,AA,AA,High,Altered,Elevated,Yes,Yes,Yes,Low,Deficient,Deficient,3,Low,BD-I
41,F,Yes,AG,AG,AA,Normal,Normal,Normal,No,No,No,Adequate,Normal,Normal,8,High,False
24,F,Yes,AG,AA,GG,High,Altered,Elevated,Yes,Yes,Yes,Low,Deficient,Deficient,5,Low,BD-I
61,F,Yes,GG,GG,AA,High,Altered,Elevated,Yes,Yes,Yes,Low,Deficient,Deficient,3,Low,BD-I
32,M,Yes,AG,GG,AG,High,Altered,Elevated,Yes,Yes,Yes,Low,Deficient,Deficient,5,Low,BD-I
48,F,No,AG,GG,GG,Low,Normal,Normal,No,No,No,High,Normal,Normal,7,Moderate,False
19,F,Yes,GG,AG,AA,Normal,Normal,Normal,No,No,No,High,Normal,Normal,7,High,False
57,F,Yes,GG,AA,AG,High,Altered,Elevated,Yes,Yes,Yes,Low,Deficient,Deficient,3,Low,BD-I
53,F,No,AG,AG,AG,Normal,Normal,Normal,No,No,No,High,Normal,Normal,7,High,False
38,F,Yes,AG,GG,GG,Low,Altered,Normal,Yes,No,Yes,High,Normal,Deficient,7,Moderate,Cyclothymia
57,M,Yes,AG,AA,AG,High,Altered,Elevated,Yes,Yes,Yes,Low,Deficient,Deficient,5,Low,BD-I
32,M,No,AA,AA,AA,Low,Normal,Normal,No,No,No,High,Normal,Normal,6,Moderate,False
59,F,Yes,AA,AA,GG,Low,Altered,Normal,Yes,No,Yes,Adequate,Normal,Deficient,8,Moderate,Cyclothymia
22,F,Yes,AG,AG,AG,Low,Normal,Normal,No,No,No,Adequate,Normal,Normal,7,Moderate,False
58,M,Yes,GG,AA,AA,High,Altered,Elevated,Yes,Yes,Yes,Low,Deficient,Normal,3,Low,BD-II
47,F,Yes,AA,AG,AG,High,Altered,Elevated,Yes,Yes,Yes,Low,Deficient,Normal,3,Low,BD-II
62,F,Yes,AA,AA,AG,Normal,Normal,Normal,No,No,No,High,Normal,Normal,7,Moderate,False
37,M,Yes,AG,GG,GG,High,Altered,Elevated,Yes,Yes,Yes,Low,Deficient,Normal,4,Low,BD-II
59,F,Yes,AA,AG,AG,High,Altered,Elevated,Yes,Yes,Yes,Low,Deficient,Deficient,3,Low,BD-I
44,F,Yes,AG,AA,AG,Normal,Altered,Normal,Yes,No,Yes,Adequate,Normal,Deficient,7,High,Cyclothymia
25,F,Yes,GG,AG,AA,High,Altered,Elevated,Yes,Yes,Yes,Low,Deficient,Deficient,4,Low,BD-I
26,F,No,AG,AA,AG,Normal,Normal,Normal,No,No,No,High,Normal,Normal,6,High,False
20,F,Yes,GG,GG,AG,High,Altered,Elevated,Yes,Yes,Yes,Low,Deficient,Normal,3,Low,BD-II
20,F,No,AA,GG,AA,Normal,Normal,Normal,No,No,No,Adequate,Normal,Normal,8,High,False
37,M,Yes,AA,GG,AG,High,Altered,Elevated,Yes,Yes,Yes,Low,Deficient,Deficient,5,Low,BD-I
49,F,Yes,AA,AA,GG,High,Altered,Elevated,Yes,Yes,Yes,Low,Deficient,Deficient,5,Low,BD-I
25,F,Yes,AA,AG,AG,Normal,Altered,Normal,Yes,No,Yes,High,Normal,Deficient,7,High,Cyclothymia
24,F,Yes,GG,AG,AG,High,Altered,Elevated,Yes,Yes,Yes,Low,Deficient,Deficient,5,Low,BD-I
33,M,Yes,AA,GG,AG,Low,Normal,Normal,No,No,No,High,Normal,Normal,8,Moderate,False
52,F,No,AG,GG,AG,Normal,Normal,Normal,No,No,No,High,Normal,Normal,7,High,False
26,M,Yes,GG,GG,AG,Low,Normal,Normal,No,No,No,Adequate,Normal,Normal,7,Moderate,False
42,F,No,GG,AA,AA,Normal,Normal,Normal,No,No,No,Adequate,Normal,Normal,7,High,False
47,M,Yes,AA,AG,GG,High,Altered,Elevated,Yes,Yes,Yes,Low,Deficient,Normal,5,Low,BD-II
41,F,Yes,AA,AA,AA,High,Altered,Elevated,Yes,Yes,Yes,Low,Deficient,Deficient,5,Low,BD-I
60,F,Yes,GG,GG,GG,Normal,Normal,Normal,No,No,No,High,Normal,Normal,6,High,False
65,F,Yes,AG,GG,GG,Low,Altered,Normal,Yes,No,Yes,High,Normal,Deficient,8,Moderate,Cyclothymia
62,F,Yes,AG,AA,AA,Normal,Normal,Normal,No,No,No,Adequate,Normal,Normal,8,Moderate,False
52,M,Yes,AA,GG,AA,High,Altered,Elevated,Yes,Yes,Yes,Low,Deficient,Normal,4,Low,BD-II
44,M,Yes,AA,AG,GG,High,Altered,Elevated,Yes,Yes,Yes,Low,Deficient,Deficient,4,Low,BD-I
55,F,No,AA,GG,AG,Normal,Normal,Normal,No,No,No,High,Normal,Normal,8,High,False
65,F,Yes,GG,AG,AA,High,Altered,Elevated,Yes,Yes,Yes,Low,Deficient,Deficient,3,Low,BD-I
64,M,Yes,AG,GG,GG,High,Altered,Elevated,Yes,Yes,Yes,Low,Deficient,Normal,5,Low,BD-II
27,M,Yes,GG,AA,AG,High,Altered,Elevated,Yes,Yes,Yes,Low,Deficient,Deficient,4,Low,BD-I
44,M,Yes,GG,GG,AG,Normal,Altered,Normal,Yes,No,Yes,Adequate,Normal,Deficient,6,High,Cyclothymia
59,M,Yes,AG,GG,AA,High,Altered,Elevated,Yes,Yes,Yes,Low,Deficient,Normal,3,Low,BD-II
24,M,Yes,GG,AA,AA,Low,Normal,Normal,No,No,No,Adequate,Normal,Normal,8,Moderate,False
49,M,Yes,AA,GG,GG,High,Altered,Elevated,Yes,Yes,Yes,Low,Deficient,Normal,5,Low,BD-II
57,M,No,GG,AA,AA,Normal,Normal,Normal,No,No,No,High,Normal,Normal,6,High,False
44,M,Yes,GG,AA,AG,High,Altered,Elevated,Yes,Yes,Yes,Low,Deficient,Deficient,4,Low,BD-I
35,M,Yes,AG,AG,AA,High,Altered,Elevated,Yes,Yes,Yes,Low,Deficient,Deficient,3,Low,BD-I
20,F,No,GG,GG,AA,Normal,Normal,Normal,No,No,No,High,Normal,Normal,7,High,False
62,F,Yes,GG,GG,AG,Low,Altered,Normal,Yes,No,Yes,Adequate,Normal,Deficient,8,Moderate,Cyclothymia
41,F,Yes,AA,GG,AG,Low,Altered,Normal,Yes,No,Yes,Adequate,Normal,Deficient,6,Moderate,Cyclothymia
31,M,Yes,GG,AG,AA,Low,Altered,Normal,Yes,No,Yes,Adequate,Normal,Deficient,7,Moderate,Cyclothymia
46,M,Yes,AA,GG,GG,High,Altered,Elevated,Yes,Yes,Yes,Low,Deficient,Normal,4,Low,BD-II
46,M,Yes,AG,AG,GG,High,Altered,Elevated,Yes,Yes,Yes,Low,Deficient,Normal,3,Low,BD-II
33,M,Yes,GG,AG,GG,Low,Altered,Normal,Yes,No,Yes,High,Normal,Deficient,7,Moderate,Cyclothymia
41,F,Yes,AG,GG,GG,Low,Altered,Normal,Yes,No,Yes,Adequate,Normal,Deficient,6,Moderate,Cyclothymia
24,F,Yes,AA,GG,AG,High,Altered,Elevated,Yes,Yes,Yes,Low,Deficient,Normal,5,Low,BD-II
61,F,No,AG,AA,AG,Low,Normal,Normal,No,No,No,High,Normal,Normal,8,High,False
41,M,Yes,AA,AG,AG,High,Altered,Elevated,Yes,Yes,Yes,Low,Deficient,Deficient,3,Low,BD-I
52,F,Yes,AA,AG,AG,High,Altered,Elevated,Yes,Yes,Yes,Low,Deficient,Normal,5,Low,BD-II
59,F,Yes,AA,AG,GG,Normal,Normal,Normal,No,No,No,Adequate,Normal,Normal,8,Moderate,False
40,F,Yes,AA,AG,GG,High,Altered,Elevated,Yes,Yes,Yes,Low,Deficient,Normal,3,Low,BD-II
21,M,Yes,GG,AG,AA,Normal,Altered,Normal,Yes,No,Yes,High,Normal,Deficient,7,High,Cyclothymia
43,M,No,AA,AA,AG,Normal,Normal,Normal,No,No,No,Adequate,Normal,Normal,6,Moderate,False
35,M,Yes,AA,AA,AA,High,Altered,Elevated,Yes,Yes,Yes,Low,Deficient,Deficient,3,Low,BD-I
30,M,Yes,GG,AG,GG,Normal,Altered,Normal,Yes,No,Yes,High,Normal,Deficient,6,Moderate,Cyclothymia
25,M,Yes,AG,GG,AA,Normal,Normal,Normal,No,No,No,High,Normal,Normal,8,High,False
47,F,Yes,AA,GG,AA,High,Altered,Elevated,Yes,Yes,Yes,Low,Deficient,Deficient,4,Low,BD-I
23,M,Yes,AG,GG,AA,Normal,Altered,Normal,Yes,No,Yes,High,Normal,Deficient,8,High,Cyclothymia
60,M,Yes,GG,GG,AG,High,Altered,Elevated,Yes,Yes,Yes,Low,Deficient,Normal,5,Low,BD-II
31,F,Yes,AA,AG,AG,Low,Altered,Normal,Yes,No,Yes,High,Normal,Deficient,6,High,Cyclothymia
59,F,Yes,AA,GG,GG,Normal,Altered,Normal,Yes,No,Yes,High,Normal,Deficient,8,Moderate,Cyclothymia
58,M,Yes,AG,GG,AA,High,Altered,Elevated,Yes,Yes,Yes,Low,Deficient,Deficient,4,Low,BD-I
56,F,Yes,GG,AG,AG,High,Altered,Elevated,Yes,Yes,Yes,Low,Deficient,Normal,3,Low,BD-II
19,M,Yes,AA,GG,GG,Normal,Normal,Normal,No,No,No,High,Normal,Normal,7,Moderate,False
21,M,Yes,AG,GG,AG,High,Altered,Elevated,Yes,Yes,Yes,Low,Deficient,Normal,4,Low,BD-II
39,F,Yes,AA,GG,AG,High,Altered,Elevated,Yes,Yes,Yes,Low,Deficient,Normal,5,Low,BD-II
33,M,Yes,AA,GG,AG,High,Altered,Elevated,Yes,Yes,Yes,Low,Deficient,Normal,5,Low,BD-II
26,F,Yes,AA,AA,AG,Normal,Altered,Normal,Yes,No,Yes,High,Normal,Deficient,8,High,Cyclothymia
54,F,Yes,GG,AA,GG,High,Altered,Elevated,Yes,Yes,Yes,Low,Deficient,Deficient,3,Low,BD-I
31,F,Yes,GG,AA,GG,High,Altered,Elevated,Yes,Yes,Yes,Low,Deficient,Deficient,5,Low,BD-I
22,F,Yes,AA,GG,AG,High,Altered,Elevated,Yes,Yes,Yes,Low,Deficient,Deficient,4,Low,BD-I
53,M,Yes,AA,GG,AG,Normal,Normal,Normal,No,No,No,High,Normal,Normal,7,Moderate,False
31,F,No,GG,AG,AA,Low,Normal,Normal,No,No,No,Adequate,Normal,Normal,6,Moderate,False
55,F,Yes,AG,GG,AG,Normal,Altered,Normal,Yes,No,Yes,Adequate,Normal,Deficient,8,Moderate,Cyclothymia
31,M,Yes,AA,AG,AA,High,Altered,Elevated,Yes,Yes,Yes,Low,Deficient,Deficient,4,Low,BD-I
32,M,Yes,AG,GG,AG,High,Altered,Elevated,Yes,Yes,Yes,Low,Deficient,Deficient,4,Low,BD-I
39,F,No,GG,AA,GG,Low,Normal,Normal,No,No,No,High,Normal,Normal,7,High,False
27,M,Yes,GG,GG,GG,High,Altered,Elevated,Yes,Yes,Yes,Low,Deficient,Deficient,4,Low,BD-I
56,F,Yes,AG,GG,AA,Normal,Normal,Normal,No,No,No,High,Normal,Normal,6,High,False
18,F,Yes,GG,AA,GG,Low,Normal,Normal,No,No,No,Adequate,Normal,Normal,7,High,False
35,M,Yes,AA,GG,GG,Low,Normal,Normal,No,No,No,High,Normal,Normal,7,Moderate,False
27,M,Yes,AG,GG,GG,Normal,Altered,Normal,Yes,No,Yes,Adequate,Normal,Deficient,7,Moderate,Cyclothymia
26,F,Yes,AG,GG,GG,Low,Normal,Normal,No,No,No,Adequate,Normal,Normal,7,Moderate,False
52,F,Yes,AG,GG,GG,Low,Normal,Normal,No,No,No,High,Normal,Normal,7,Moderate,False
34,M,Yes,AA,AG,AA,High,Altered,Elevated,Yes,Yes,Yes,Low,Deficient,Deficient,5,Low,BD-I
29,M,Yes,AA,GG,AG,Low,Altered,Normal,Yes,No,Yes,Adequate,Normal,Deficient,6,High,Cyclothymia
25,F,Yes,GG,AA,AG,High,Altered,Elevated,Yes,Yes,Yes,Low,Deficient,Normal,3,Low,BD-II
60,F,Yes,AG,AG,AG,High,Altered,Elevated,Yes,Yes,Yes,Low,Deficient,Deficient,5,Low,BD-I
19,F,Yes,GG,GG,GG,High,Altered,Elevated,Yes,Yes,Yes,Low,Deficient,Deficient,4,Low,BD-I
26,M,Yes,AG,AG,GG,High,Altered,Elevated,Yes,Yes,Yes,Low,Deficient,Deficient,5,Low,BD-I
18,F,Yes,GG,GG,AG,Normal,Altered,Normal,Yes,No,Yes,High,Normal,Deficient,7,High,Cyclothymia
40,M,No,AG,GG,GG,Normal,Normal,Normal,No,No,No,High,Normal,Normal,7,High,False
33,M,No,AA,GG,AG,Normal,Normal,Normal,No,No,No,Adequate,Normal,Normal,7,High,False
55,M,Yes,GG,GG,AA,High,Altered,Elevated,Yes,Yes,Yes,Low,Deficient,Deficient,3,Low,BD-I
38,F,Yes,GG,AG,AG,Normal,Altered,Normal,Yes,No,Yes,Adequate,Normal,Deficient,8,Moderate,Cyclothymia
19,F,Yes,GG,GG,GG,Normal,Normal,Normal,No,No,No,Adequate,Normal,Normal,7,High,False
29,M,Yes,GG,GG,AG,High,Altered,Elevated,Yes,Yes,Yes,Low,Deficient,Deficient,5,Low,BD-I
34,M,No,AG,GG,AG,Low,Normal,Normal,No,No,No,High,Normal,Normal,7,Moderate,False
21,F,Yes,AA,AG,GG,High,Altered,Elevated,Yes,Yes,Yes,Low,Deficient,Normal,3,Low,BD-II
26,F,No,GG,AG,AA,Normal,Normal,Normal,No,No,No,High,Normal,Normal,8,Moderate,False
65,M,No,GG,AA,AA,Low,Normal,Normal,No,No,No,Adequate,Normal,Normal,8,High,False
44,F,Yes,AA,GG,GG,Low,Altered,Normal,Yes,No,Yes,High,Normal,Deficient,6,Moderate,Cyclothymia
51,F,Yes,AG,AA,AG,High,Altered,Elevated,Yes,Yes,Yes,Low,Deficient,Deficient,3,Low,BD-I
25,F,Yes,AG,AA,AG,High,Altered,Elevated,Yes,Yes,Yes,Low,Deficient,Deficient,3,Low,BD-I
65,F,Yes,GG,AG,GG,Normal,Altered,Normal,Yes,No,Yes,High,Normal,Deficient,7,High,Cyclothymia
22,M,Yes,GG,AA,GG,High,Altered,Elevated,Yes,Yes,Yes,Low,Deficient,Normal,4,Low,BD-II
48,F,Yes,AG,AA,GG,High,Altered,Elevated,Yes,Yes,Yes,Low,Deficient,Deficient,5,Low,BD-I
46,F,No,AA,GG,AG,Normal,Normal,Normal,No,No,No,High,Normal,Normal,7,Moderate,False
41,M,Yes,AA,AA,AA,High,Altered,Elevated,Yes,Yes,Yes,Low,Deficient,Normal,3,Low,BD-II
50,M,Yes,GG,AA,AA,Normal,Altered,Normal,Yes,No,Yes,Adequate,Normal,Deficient,8,High,Cyclothymia
55,M,Yes,AA,AG,AA,High,Altered,Elevated,Yes,Yes,Yes,Low,Deficient,Normal,4,Low,BD-II
24,F,Yes,GG,AA,AG,High,Altered,Elevated,Yes,Yes,Yes,Low,Deficient,Deficient,3,Low,BD-I
46,F,Yes,GG,AG,AA,High,Altered,Elevated,Yes,Yes,Yes,Low,Deficient,Normal,3,Low,BD-II
50,M,Yes,AG,GG,AG,High,Altered,Elevated,Yes,Yes,Yes,Low,Deficient,Normal,4,Low,BD-II
32,F,Yes,GG,AG,AG,High,Altered,Elevated,Yes,Yes,Yes,Low,Deficient,Normal,5,Low,BD-II
57,F,Yes,AA,AA,GG,High,Altered,Elevated,Yes,Yes,Yes,Low,Deficient,Deficient,4,Low,BD-I
20,M,Yes,AA,AA,AG,High,Altered,Elevated,Yes,Yes,Yes,Low,Deficient,Normal,4,Low,BD-II
64,F,Yes,GG,GG,GG,Normal,Normal,Normal,No,No,No,Adequate,Normal,Normal,6,Moderate,False
60,F,Yes,AG,AG,AG,Normal,Normal,Normal,No,No,No,Adequate,Normal,Normal,8,Moderate,False
51,M,Yes,GG,AA,GG,Low,Altered,Normal,Yes,No,Yes,Adequate,Normal,Deficient,7,High,Cyclothymia
37,M,No,AA,GG,GG,Low,Normal,Normal,No,No,No,High,Normal,Normal,8,High,False
47,M,Yes,GG,AA,AG,High,Altered,Elevated,Yes,Yes,Yes,Low,Deficient,Normal,5,Low,BD-II
59,F,Yes,GG,AG,AG,Low,Normal,Normal,No,No,No,High,Normal,Normal,6,Moderate,False
19,M,Yes,AA,AG,AG,Low,Altered,Normal,Yes,No,Yes,Adequate,Normal,Deficient,6,High,Cyclothymia
21,F,Yes,AG,AA,AG,Normal,Altered,Normal,Yes,No,Yes,High,Normal,Deficient,6,Moderate,Cyclothymia
48,F,Yes,AA,GG,GG,High,Altered,Elevated,Yes,Yes,Yes,Low,Deficient,Deficient,4,Low,BD-I
43,F,No,AG,GG,GG,Low,Normal,Normal,No,No,No,Adequate,Normal,Normal,7,High,False
45,F,Yes,GG,GG,GG,High,Altered,Elevated,Yes,Yes,Yes,Low,Deficient,Deficient,5,Low,BD-I
61,M,Yes,AA,GG,AG,High,Altered,Elevated,Yes,Yes,Yes,Low,Deficient,Deficient,4,Low,BD-I
24,M,Yes,AA,AA,AG,High,Altered,Elevated,Yes,Yes,Yes,Low,Deficient,Deficient,3,Low,BD-I
49,M,Yes,AG,GG,AA,High,Altered,Elevated,Yes,Yes,Yes,Low,Deficient,Deficient,4,Low,BD-I
63,F,Yes,AG,GG,AA,High,Altered,Elevated,Yes,Yes,Yes,Low,Deficient,Deficient,5,Low,BD-I
46,F,Yes,AA,GG,AA,High,Altered,Elevated,Yes,Yes,Yes,Low,Deficient,Normal,4,Low,BD-II
22,M,Yes,GG,AG,AA,High,Altered,Elevated,Yes,Yes,Yes,Low,Deficient,Normal,4,Low,BD-II
23,M,Yes,AA,AA,GG,High,Altered,Elevated,Yes,Yes,Yes,Low,Deficient,Deficient,5,Low,BD-I
38,M,Yes,GG,GG,AA,High,Altered,Elevated,Yes,Yes,Yes,Low,Deficient,Normal,5,Low,BD-II
56,M,Yes,GG,GG,GG,High,Altered,Elevated,Yes,Yes,Yes,Low,Deficient,Deficient,4,Low,BD-I
27,M,Yes,GG,AG,AG,High,Altered,Elevated,Yes,Yes,Yes,Low,Deficient,Normal,3,Low,BD-II
22,M,Yes,GG,GG,GG,High,Altered,Elevated,Yes,Yes,Yes,Low,Deficient,Normal,3,Low,BD-II
26,F,Yes,AG,GG,GG,Low,Normal,Normal,No,No,No,High,Normal,Normal,6,High,False
35,F,Yes,AG,AA,GG,High,Altered,Elevated,Yes,Yes,Yes,Low,Deficient,Normal,3,Low,BD-II
57,M,Yes,AA,AG,AA,Normal,Normal,Normal,No,No,No,Adequate,Normal,Normal,7,Moderate,False
58,M,Yes,AG,AG,AA,High,Altered,Elevated,Yes,Yes,Yes,Low,Deficient,Deficient,4,Low,BD-I
55,F,Yes,AA,AG,AA,High,Altered,Elevated,Yes,Yes,Yes,Low,Deficient,Deficient,5,Low,BD-I
53,M,Yes,AA,GG,AG,High,Altered,Elevated,Yes,Yes,Yes,Low,Deficient,Deficient,5,Low,BD-I
63,F,Yes,GG,AG,AA,High,Altered,Elevated,Yes,Yes,Yes,Low,Deficient,Normal,4,Low,BD-II
38,M,Yes,AA,GG,AA,Low,Normal,Normal,No,No,No,Adequate,Normal,Normal,6,Moderate,False
42,F,Yes,AG,AA,AA,High,Altered,Elevated,Yes,Yes,Yes,Low,Deficient,Normal,5,Low,BD-II
56,M,Yes,AG,AA,AG,Low,Normal,Normal,No,No,No,High,Normal,Normal,8,High,False
51,F,Yes,AA,GG,GG,High,Altered,Elevated,Yes,Yes,Yes,Low,Deficient,Deficient,4,Low,BD-I
36,F,No,GG,AG,AA,Low,Normal,Normal,No,No,No,Adequate,Normal,Normal,7,Moderate,False
47,M,Yes,AA,AA,AA,Normal,Normal,Normal,No,No,No,Adequate,Normal,Normal,6,High,False
50,F,Yes,AA,GG,AG,High,Altered,Elevated,Yes,Yes,Yes,Low,Deficient,Deficient,4,Low,BD-I
56,F,Yes,AG,AG,GG,Normal,Altered,Normal,Yes,No,Yes,Adequate,Normal,Deficient,8,High,Cyclothymia
45,M,Yes,AG,AA,AA,High,Altered,Elevated,Yes,Yes,Yes,Low,Deficient,Normal,5,Low,BD-II
24,F,Yes,GG,GG,AA,High,Altered,Elevated,Yes,Yes,Yes,Low,Deficient,Deficient,3,Low,BD-I
62,F,Yes,AG,GG,AG,High,Altered,Elevated,Yes,Yes,Yes,Low,Deficient,Normal,3,Low,BD-II
25,M,Yes,AA,GG,GG,Low,Altered,Normal,Yes,No,Yes,High,Normal,Deficient,6,Moderate,Cyclothymia
59,M,Yes,AG,GG,AA,High,Altered,Elevated,Yes,Yes,Yes,Low,Deficient,Normal,4,Low,BD-II
59,M,Yes,AG,AG,AA,High,Altered,Elevated,Yes,Yes,Yes,Low,Deficient,Normal,4,Low,BD-II
53,M,Yes,AG,GG,GG,Low,Altered,Normal,Yes,No,Yes,High,Normal,Deficient,6,High,Cyclothymia
64,F,Yes,AG,GG,AG,Normal,Altered,Normal,Yes,No,Yes,High,Normal,Deficient,8,High,Cyclothymia
31,F,Yes,GG,GG,AG,High,Altered,Elevated,Yes,Yes,Yes,Low,Deficient,Deficient,5,Low,BD-I
45,M,Yes,AG,GG,AA,High,Altered,Elevated,Yes,Yes,Yes,Low,Deficient,Deficient,4,Low,BD-I
46,M,Yes,AA,AA,AA,Normal,Altered,Normal,Yes,No,Yes,Adequate,Normal,Deficient,8,High,Cyclothymia
32,M,Yes,AG,GG,GG,High,Altered,Elevated,Yes,Yes,Yes,Low,Deficient,Normal,4,Low,BD-II
44,F,Yes,GG,AA,AG,High,Altered,Elevated,Yes,Yes,Yes,Low,Deficient,Deficient,5,Low,BD-I
39,M,No,GG,AG,AG,Low,Normal,Normal,No,No,No,High,Normal,Normal,7,Moderate,False
47,F,Yes,GG,AG,GG,Normal,Altered,Normal,Yes,No,Yes,Adequate,Normal,Deficient,7,Moderate,Cyclothymia
43,F,No,AA,AA,AA,Low,Normal,Normal,No,No,No,Adequate,Normal,Normal,8,Moderate,False
44,M,Yes,AA,GG,AA,Normal,Altered,Normal,Yes,No,Yes,High,Normal,Deficient,8,Moderate,Cyclothymia
64,M,Yes,AG,AA,GG,High,Altered,Elevated,Yes,Yes,Yes,Low,Deficient,Normal,4,Low,BD-II
24,F,Yes,AA,AA,AA,High,Altered,Elevated,Yes,Yes,Yes,Low,Deficient,Normal,5,Low,BD-II
38,F,Yes,AA,AA,AA,High,Altered,Elevated,Yes,Yes,Yes,Low,Deficient,Normal,3,Low,BD-II
45,F,Yes,AG,GG,AA,High,Altered,Elevated,Yes,Yes,Yes,Low,Deficient,Deficient,4,Low,BD-I
38,F,Yes,AA,GG,GG,High,Altered,Elevated,Yes,Yes,Yes,Low,Deficient,Deficient,5,Low,BD-I
60,F,Yes,AG,AA,AG,Normal,Altered,Normal,Yes,No,Yes,Adequate,Normal,Deficient,8,High,Cyclothymia
34,F,Yes,AG,AG,AG,Low,Altered,Normal,Yes,No,Yes,High,Normal,Deficient,8,Moderate,Cyclothymia
41,M,Yes,AA,AA,AG,Low,Altered,Normal,Yes,No,Yes,Adequate,Normal,Deficient,6,High,Cyclothymia
27,M,Yes,AA,AG,AG,Low,Normal,Normal,No,No,No,Adequate,Normal,Normal,7,High,False
61,F,Yes,AG,AG,GG,Low,Altered,Normal,Yes,No,Yes,Adequate,Normal,Deficient,6,Moderate,Cyclothymia
48,M,Yes,AA,GG,AG,High,Altered,Elevated,Yes,Yes,Yes,Low,Deficient,Deficient,5,Low,BD-I
22,M,Yes,AG,AG,GG,High,Altered,Elevated,Yes,Yes,Yes,Low,Deficient,Normal,3,Low,BD-II
23,F,Yes,AA,AA,AG,High,Altered,Elevated,Yes,Yes,Yes,Low,Deficient,Normal,3,Low,BD-II
23,M,Yes,GG,AA,AA,Low,Altered,Normal,Yes,No,Yes,High,Normal,Deficient,7,Moderate,Cyclothymia
23,M,No,AA,GG,GG,Low,Normal,Normal,No,No,No,High,Normal,Normal,7,High,False
45,M,Yes,GG,AG,GG,High,Altered,Elevated,Yes,Yes,Yes,Low,Deficient,Deficient,5,Low,BD-I
24,M,No,AA,AA,AA,Normal,Normal,Normal,No,No,No,High,Normal,Normal,6,High,False
65,F,Yes,AG,AG,GG,Low,Altered,Normal,Yes,No,Yes,High,Normal,Deficient,7,High,Cyclothymia
65,F,No,GG,AG,GG,Low,Normal,Normal,No,No,No,High,Normal,Normal,6,High,False
41,F,Yes,GG,GG,AG,High,Altered,Elevated,Yes,Yes,Yes,Low,Deficient,Deficient,3,Low,BD-I
26,F,Yes,AG,AA,GG,High,Altered,Elevated,Yes,Yes,Yes,Low,Deficient,Deficient,4,Low,BD-I
53,M,Yes,GG,AA,GG,High,Altered,Elevated,Yes,Yes,Yes,Low,Deficient,Normal,4,Low,BD-II
21,M,Yes,AA,AA,GG,High,Altered,Elevated,Yes,Yes,Yes,Low,Deficient,Normal,4,Low,BD-II
55,F,No,AG,AG,GG,Normal,Normal,Normal,No,No,No,Adequate,Normal,Normal,8,High,False
53,F,Yes,GG,GG,AG,Normal,Altered,Normal,Yes,No,Yes,High,Normal,Deficient,7,Moderate,Cyclothymia
53,M,Yes,AA,AA,GG,Low,Normal,Normal,No,No,No,High,Normal,Normal,6,Moderate,False
39,F,Yes,GG,GG,GG,Low,Altered,Normal,Yes,No,Yes,High,Normal,Deficient,7,Moderate,Cyclothymia
60,M,Yes,AG,GG,GG,High,Altered,Elevated,Yes,Yes,Yes,Low,Deficient,Normal,4,Low,BD-II
25,M,Yes,AA,GG,GG,High,Altered,Elevated,Yes,Yes,Yes,Low,Deficient,Deficient,5,Low,BD-I
44,M,Yes,AA,AG,AG,Normal,Normal,Normal,No,No,No,High,Normal,Normal,8,High,False
40,F,Yes,AA,AG,AG,High,Altered,Elevated,Yes,Yes,Yes,Low,Deficient,Deficient,3,Low,BD-I
60,M,Yes,AG,GG,AG,High,Altered,Elevated,Yes,Yes,Yes,Low,Deficient,Deficient,5,Low,BD-I
45,M,Yes,AA,GG,GG,High,Altered,Elevated,Yes,Yes,Yes,Low,Deficient,Deficient,3,Low,BD-I
64,M,Yes,AA,AG,AA,High,Altered,Elevated,Yes,Yes,Yes,Low,Deficient,Normal,5,Low,BD-II
21,M,No,AG,AA,AA,Normal,Normal,Normal,No,No,No,Adequate,Normal,Normal,6,Moderate,False
36,M,Yes,GG,GG,AG,Normal,Altered,Normal,Yes,No,Yes,High,Normal,Deficient,6,High,Cyclothymia
56,M,Yes,GG,AG,AG,High,Altered,Elevated,Yes,Yes,Yes,Low,Deficient,Normal,5,Low,BD-II
37,F,Yes,GG,GG,AG,High,Altered,Elevated,Yes,Yes,Yes,Low,Deficient,Deficient,3,Low,BD-I
40,M,No,GG,AA,AG,Normal,Normal,Normal,No,No,No,Adequate,Normal,Normal,8,High,False
24,M,Yes,GG,AA,AG,High,Altered,Elevated,Yes,Yes,Yes,Low,Deficient,Normal,4,Low,BD-II
54,M,Yes,AG,GG,AA,Low,Altered,Normal,Yes,No,Yes,High,Normal,Deficient,7,High,Cyclothymia
50,F,Yes,GG,AA,AG,Low,Altered,Normal,Yes,No,Yes,High,Normal,Deficient,8,Moderate,Cyclothymia
31,F,Yes,AG,GG,AA,Low,Altered,Normal,Yes,No,Yes,High,Normal,Deficient,7,Moderate,Cyclothymia
27,M,Yes,AG,AA,AA,High,Altered,Elevated,Yes,Yes,Yes,Low,Deficient,Deficient,4,Low,BD-I
60,M,Yes,AA,AG,GG,High,Altered,Elevated,Yes,Yes,Yes,Low,Deficient,Deficient,5,Low,BD-I
48,M,Yes,AA,GG,AA,High,Altered,Elevated,Yes,Yes,Yes,Low,Deficient,Normal,5,Low,BD-II
32,M,No,AA,GG,AG,Low,Normal,Normal,No,No,No,High,Normal,Normal,8,High,False
24,F,Yes,AG,AG,AG,Normal,Altered,Normal,Yes,No,Yes,Adequate,Normal,Deficient,7,High,Cyclothymia
40,M,Yes,GG,AA,AG,High,Altered,Elevated,Yes,Yes,Yes,Low,Deficient,Deficient,3,Low,BD-I
53,F,No,GG,AG,GG,Normal,Normal,Normal,No,No,No,Adequate,Normal,Normal,8,Moderate,False
41,F,Yes,AG,AA,AA,High,Altered,Elevated,Yes,Yes,Yes,Low,Deficient,Deficient,5,Low,BD-I
25,M,Yes,AA,AA,GG,Low,Altered,Normal,Yes,No,Yes,High,Normal,Deficient,7,High,Cyclothymia
35,F,Yes,AA,GG,AG,High,Altered,Elevated,Yes,Yes,Yes,Low,Deficient,Normal,3,Low,BD-II
54,M,No,AG,AG,AG,Normal,Normal,Normal,No,No,No,High,Normal,Normal,6,Moderate,False
32,M,No,AA,AG,AG,Low,Normal,Normal,No,No,No,High,Normal,Normal,6,High,False
45,F,Yes,AG,AG,AA,High,Altered,Elevated,Yes,Yes,Yes,Low,Deficient,Normal,5,Low,BD-II
53,F,Yes,AA,AG,AG,High,Altered,Elevated,Yes,Yes,Yes,Low,Deficient,Normal,4,Low,BD-II
57,F,Yes,AG,AA,AG,Normal,Altered,Normal,Yes,No,Yes,High,Normal,Deficient,7,Moderate,Cyclothymia
57,M,Yes,GG,GG,GG,Low,Normal,Normal,No,No,No,High,Normal,Normal,7,Moderate,False
61,M,Yes,GG,GG,AA,High,Altered,Elevated,Yes,Yes,Yes,Low,Deficient,Deficient,4,Low,BD-I
59,F,Yes,GG,AG,AA,Low,Altered,Normal,Yes,No,Yes,High,Normal,Deficient,7,High,Cyclothymia
53,F,Yes,AG,GG,GG,Normal,Altered,Normal,Yes,No,Yes,Adequate,Normal,Deficient,6,High,Cyclothymia
19,M,Yes,AA,GG,AG,High,Altered,Elevated,Yes,Yes,Yes,Low,Deficient,Normal,3,Low,BD-II
56,F,Yes,AA,AA,AA,High,Altered,Elevated,Yes,Yes,Yes,Low,Deficient,Normal,3,Low,BD-II
60,F,Yes,AA,AA,AG,High,Altered,Elevated,Yes,Yes,Yes,Low,Deficient,Deficient,3,Low,BD-I
62,F,Yes,AA,GG,GG,High,Altered,Elevated,Yes,Yes,Yes,Low,Deficient,Normal,5,Low,BD-II
35,F,Yes,AA,AG,AG,High,Altered,Elevated,Yes,Yes,Yes,Low,Deficient,Deficient,3,Low,BD-I
19,F,Yes,GG,AG,AG,Normal,Normal,Normal,No,No,No,High,Normal,Normal,6,High,False
29,M,Yes,AG,AA,AA,Normal,Altered,Normal,Yes,No,Yes,High,Normal,Deficient,8,High,Cyclothymia
35,F,Yes,AA,GG,AA,Normal,Altered,Normal,Yes,No,Yes,High,Normal,Deficient,8,High,Cyclothymia
62,F,Yes,AG,GG,GG,High,Altered,Elevated,Yes,Yes,Yes,Low,Deficient,Deficient,5,Low,BD-I
37,M,Yes,AA,GG,GG,High,Altered,Elevated,Yes,Yes,Yes,Low,Deficient,Normal,5,Low,BD-II
39,F,Yes,AG,AA,GG,High,Altered,Elevated,Yes,Yes,Yes,Low,Deficient,Normal,5,Low,BD-II
40,M,Yes,AG,AA,AG,Low,Altered,Normal,Yes,No,Yes,Adequate,Normal,Deficient,8,High,Cyclothymia
18,M,Yes,AG,GG,AG,High,Altered,Elevated,Yes,Yes,Yes,Low,Deficient,Deficient,5,Low,BD-I
29,F,No,AG,AG,AA,Low,Normal,Normal,No,No,No,Adequate,Normal,Normal,8,High,False
27,M,No,GG,AG,AG,Normal,Normal,Normal,No,No,No,High,Normal,Normal,6,High,False
54,F,Yes,AG,AA,AA,Low,Altered,Normal,Yes,No,Yes,Adequate,Normal,Deficient,7,High,Cyclothymia
60,M,Yes,AA,AG,AG,Normal,Altered,Normal,Yes,No,Yes,High,Normal,Deficient,7,Moderate,Cyclothymia
43,F,Yes,GG,AG,GG,High,Altered,Elevated,Yes,Yes,Yes,Low,Deficient,Deficient,3,Low,BD-I
22,F,Yes,GG,GG,AA,Low,Normal,Normal,No,No,No,Adequate,Normal,Normal,6,High,False
27,M,Yes,AG,GG,GG,High,Altered,Elevated,Yes,Yes,Yes,Low,Deficient,Normal,3,Low,BD-II
65,F,No,AA,AG,GG,Low,Normal,Normal,No,No,No,Adequate,Normal,Normal,6,High,False
58,M,Yes,AG,AA,GG,Normal,Normal,Normal,No,No,No,Adequate,Normal,Normal,7,Moderate,False
19,F,Yes,AG,GG,GG,High,Altered,Elevated,Yes,Yes,Yes,Low,Deficient,Normal,4,Low,BD-II
23,M,No,AG,AG,AG,Normal,Normal,Normal,No,No,No,Adequate,Normal,Normal,7,High,False
65,F,Yes,AA,GG,AG,High,Altered,Elevated,Yes,Yes,Yes,Low,Deficient,Normal,5,Low,BD-II
51,M,Yes,AG,GG,GG,High,Altered,Elevated,Yes,Yes,Yes,Low,Deficient,Normal,4,Low,BD-II
31,F,Yes,AA,AG,GG,Low,Normal,Normal,No,No,No,High,Normal,Normal,6,Moderate,False
42,F,Yes,AG,AG,GG,High,Altered,Elevated,Yes,Yes,Yes,Low,Deficient,Deficient,4,Low,BD-I
44,M,Yes,AG,AA,AG,High,Altered,Elevated,Yes,Yes,Yes,Low,Deficient,Normal,5,Low,BD-II
47,M,No,AG,AG,AG,Normal,Normal,Normal,No,No,No,Adequate,Normal,Normal,8,Moderate,False
39,M,Yes,AG,GG,AA,High,Altered,Elevated,Yes,Yes,Yes,Low,Deficient,Normal,4,Low,BD-II
28,F,No,AA,AA,AA,Normal,Normal,Normal,No,No,No,Adequate,Normal,Normal,6,Moderate,False
41,F,Yes,AG,AG,AA,Normal,Altered,Normal,Yes,No,Yes,High,Normal,Deficient,8,Moderate,Cyclothymia
37,M,Yes,GG,GG,AA,Normal,Altered,Normal,Yes,No,Yes,High,Normal,Deficient,7,Moderate,Cyclothymia
64,M,Yes,AA,AA,AG,High,Altered,Elevated,Yes,Yes,Yes,Low,Deficient,Normal,3,Low,BD-II
38,M,No,AA,AA,AA,Normal,Normal,Normal,No,No,No,Adequate,Normal,Normal,8,Moderate,False
54,M,Yes,GG,AA,GG,Low,Altered,Normal,Yes,No,Yes,High,Normal,Deficient,6,Moderate,Cyclothymia
56,F,No,GG,GG,AG,Low,Normal,Normal,No,No,No,High,Normal,Normal,6,High,False
23,M,No,AA,GG,GG,Low,Normal,Normal,No,No,No,Adequate,Normal,Normal,6,High,False
21,F,Yes,AA,AA,AG,High,Altered,Elevated,Yes,Yes,Yes,Low,Deficient,Deficient,5,Low,BD-I
27,F,Yes,GG,GG,AG,Low,Altered,Normal,Yes,No,Yes,Adequate,Normal,Deficient,6,Moderate,Cyclothymia
28,M,Yes,AG,AA,GG,High,Altered,Elevated,Yes,Yes,Yes,Low,Deficient,Deficient,5,Low,BD-I
57,M,Yes,GG,AA,GG,High,Altered,Elevated,Yes,Yes,Yes,Low,Deficient,Normal,3,Low,BD-II
21,M,Yes,AG,GG,AG,High,Altered,Elevated,Yes,Yes,Yes,Low,Deficient,Normal,4,Low,BD-II
61,M,Yes,GG,GG,AA,High,Altered,Elevated,Yes,Yes,Yes,Low,Deficient,Normal,3,Low,BD-II
23,F,Yes,AA,AA,AG,Low,Normal,Normal,No,No,No,Adequate,Normal,Normal,6,High,False
35,M,Yes,GG,GG,AA,Normal,Altered,Normal,Yes,No,Yes,Adequate,Normal,Deficient,6,High,Cyclothymia
46,M,Yes,AA,AG,AA,High,Altered,Elevated,Yes,Yes,Yes,Low,Deficient,Deficient,3,Low,BD-I
60,F,No,AG,AA,AA,Normal,Normal,Normal,No,No,No,Adequate,Normal,Normal,7,Moderate,False
45,M,Yes,GG,AA,GG,Normal,Altered,Normal,Yes,No,Yes,Adequate,Normal,Deficient,8,High,Cyclothymia
49,F,Yes,AG,GG,AA,High,Altered,Elevated,Yes,Yes,Yes,Low,Deficient,Normal,3,Low,BD-II
56,F,Yes,GG,GG,AA,Normal,Altered,Normal,Yes,No,Yes,Adequate,Normal,Deficient,6,Moderate,Cyclothymia
46,F,Yes,GG,GG,AA,Normal,Altered,Normal,Yes,No,Yes,Adequate,Normal,Deficient,6,High,Cyclothymia
44,F,Yes,AG,AG,AG,High,Altered,Elevated,Yes,Yes,Yes,Low,Deficient,Deficient,4,Low,BD-I
35,F,Yes,GG,GG,AG,Low,Altered,Normal,Yes,No,Yes,Adequate,Normal,Deficient,7,High,Cyclothymia
31,F,Yes,AA,AA,AA,High,Altered,Elevated,Yes,Yes,Yes,Low,Deficient,Deficient,3,Low,BD-I
50,F,Yes,AG,GG,GG,High,Altered,Elevated,Yes,Yes,Yes,Low,Deficient,Normal,3,Low,BD-II
25,F,Yes,AG,GG,AG,High,Altered,Elevated,Yes,Yes,Yes,Low,Deficient,Deficient,3,Low,BD-I
40,F,Yes,AA,AA,GG,High,Altered,Elevated,Yes,Yes,Yes,Low,Deficient,Deficient,3,Low,BD-I
45,F,Yes,AG,AA,AA,Normal,Altered,Normal,Yes,No,Yes,Adequate,Normal,Deficient,8,High,Cyclothymia
25,M,Yes,GG,AG,AA,High,Altered,Elevated,Yes,Yes,Yes,Low,Deficient,Deficient,5,Low,BD-I
36,F,No,AA,GG,AA,Low,Normal,Normal,No,No,No,High,Normal,Normal,8,High,False
61,F,Yes,GG,AG,AA,High,Altered,Elevated,Yes,Yes,Yes,Low,Deficient,Normal,3,Low,BD-II
61,M,Yes,GG,AA,AA,Low,Normal,Normal,No,No,No,Adequate,Normal,Normal,7,High,False
55,F,Yes,GG,AA,AG,Low,Normal,Normal,No,No,No,Adequate,Normal,Normal,6,Moderate,False
49,F,Yes,GG,AA,AA,High,Altered,Elevated,Yes,Yes,Yes,Low,Deficient,Normal,4,Low,BD-II
51,F,Yes,GG,AA,AG,High,Altered,Elevated,Yes,Yes,Yes,Low,Deficient,Normal,3,Low,BD-II
60,M,Yes,GG,AA,AG,Normal,Normal,Normal,No,No,No,Adequate,Normal,Normal,6,Moderate,False
37,M,Yes,AA,AG,AG,Low,Altered,Normal,Yes,No,Yes,High,Normal,Deficient,7,Moderate,Cyclothymia
20,M,Yes,AA,GG,AG,High,Altered,Elevated,Yes,Yes,Yes,Low,Deficient,Deficient,5,Low,BD-I
32,M,Yes,AG,AA,AG,Normal,Altered,Normal,Yes,No,Yes,High,Normal,Deficient,6,High,Cyclothymia
43,F,Yes,AA,GG,AG,High,Altered,Elevated,Yes,Yes,Yes,Low,Deficient,Deficient,3,Low,BD-I
56,F,Yes,AA,AA,GG,High,Altered,Elevated,Yes,Yes,Yes,Low,Deficient,Normal,3,Low,BD-II
21,F,Yes,AA,AG,AA,Normal,Altered,Normal,Yes,No,Yes,High,Normal,Deficient,8,Moderate,Cyclothymia
18,M,Yes,AA,AG,AG,High,Altered,Elevated,Yes,Yes,Yes,Low,Deficient,Deficient,3,Low,BD-I
31,M,Yes,AA,AG,AA,Low,Altered,Normal,Yes,No,Yes,Adequate,Normal,Deficient,8,Moderate,Cyclothymia
37,F,Yes,AA,AG,AA,High,Altered,Elevated,Yes,Yes,Yes,Low,Deficient,Deficient,3,Low,BD-I
31,M,Yes,AG,GG,AA,High,Altered,Elevated,Yes,Yes,Yes,Low,Deficient,Deficient,3,Low,BD-I
26,F,No,AA,AG,AG,Low,Normal,Normal,No,No,No,High,Normal,Normal,8,High,False
34,M,Yes,GG,AG,AG,Low,Normal,Normal,No,No,No,High,Normal,Normal,7,Moderate,False
36,F,Yes,AG,AG,AA,Low,Altered,Normal,Yes,No,Yes,High,Normal,Deficient,6,Moderate,Cyclothymia
38,F,Yes,AA,AA,GG,Normal,Normal,Normal,No,No,No,High,Normal,Normal,6,High,False
25,F,Yes,GG,AG,AG,Normal,Normal,Normal,No,No,No,High,Normal,Normal,6,Moderate,False
18,F,Yes,AA,GG,AA,Normal,Altered,Normal,Yes,No,Yes,Adequate,Normal,Deficient,8,Moderate,Cyclothymia
49,F,Yes,GG,AA,AA,High,Altered,Elevated,Yes,Yes,Yes,Low,Deficient,Normal,4,Low,BD-II
65,F,Yes,AG,GG,AG,Low,Altered,Normal,Yes,No,Yes,Adequate,Normal,Deficient,8,Moderate,Cyclothymia
45,M,No,AG,AA,AG,Normal,Normal,Normal,No,No,No,High,Normal,Normal,7,High,False
29,F,Yes,GG,GG,AA,Normal,Altered,Normal,Yes,No,Yes,Adequate,Normal,Deficient,7,Moderate,Cyclothymia
26,M,Yes,AA,GG,AA,High,Altered,Elevated,Yes,Yes,Yes,Low,Deficient,Normal,3,Low,BD-II
42,M,No,AA,GG,GG,Normal,Normal,Normal,No,No,No,High,Normal,Normal,8,Moderate,False
52,F,Yes,AG,AA,AA,Normal,Altered,Normal,Yes,No,Yes,High,Normal,Deficient,8,High,Cyclothymia
63,M,Yes,GG,GG,AG,High,Altered,Elevated,Yes,Yes,Yes,Low,Deficient,Normal,5,Low,BD-II
32,M,Yes,AG,GG,AG,High,Altered,Elevated,Yes,Yes,Yes,Low,Deficient,Deficient,3,Low,BD-I
50,M,Yes,GG,AA,AA,Normal,Normal,Normal,No,No,No,High,Normal,Normal,8,Moderate,False
53,M,No,AG,GG,GG,Low,Normal,Normal,No,No,No,Adequate,Normal,Normal,8,High,False
60,M,Yes,AG,AA,AA,Normal,Normal,Normal,No,No,No,High,Normal,Normal,6,Moderate,False
40,M,Yes,GG,AG,AA,High,Altered,Elevated,Yes,Yes,Yes,Low,Deficient,Deficient,3,Low,BD-I
22,F,Yes,AG,GG,AG,Normal,Normal,Normal,No,No,No,High,Normal,Normal,8,High,False
43,M,Yes,AA,AA,GG,Normal,Altered,Normal,Yes,No,Yes,Adequate,Normal,Deficient,6,Moderate,Cyclothymia
65,M,Yes,GG,AG,AA,High,Altered,Elevated,Yes,Yes,Yes,Low,Deficient,Normal,5,Low,BD-II
20,M,Yes,GG,GG,GG,Low,Altered,Normal,Yes,No,Yes,High,Normal,Deficient,6,High,Cyclothymia
45,M,Yes,GG,AG,GG,Low,Altered,Normal,Yes,No,Yes,Adequate,Normal,Deficient,8,High,Cyclothymia
19,M,Yes,GG,GG,AA,High,Altered,Elevated,Yes,Yes,Yes,Low,Deficient,Deficient,3,Low,BD-I
47,M,Yes,AG,AA,AG,Normal,Altered,Normal,Yes,No,Yes,High,Normal,Deficient,7,Moderate,Cyclothymia
22,F,Yes,AA,AG,AG,High,Altered,Elevated,Yes,Yes,Yes,Low,Deficient,Normal,3,Low,BD-II
38,F,Yes,AG,AG,GG,High,Altered,Elevated,Yes,Yes,Yes,Low,Deficient,Normal,5,Low,BD-II
54,M,Yes,AA,AG,AG,High,Altered,Elevated,Yes,Yes,Yes,Low,Deficient,Deficient,3,Low,BD-I
45,F,No,AA,AG,AG,Normal,Normal,Normal,No,No,No,Adequate,Normal,Normal,8,High,False
54,F,Yes,GG,GG,AA,High,Altered,Elevated,Yes,Yes,Yes,Low,Deficient,Normal,3,Low,BD-II
43,M,Yes,GG,AA,GG,Normal,Altered,Normal,Yes,No,Yes,High,Normal,Deficient,6,Moderate,Cyclothymia
63,M,Yes,GG,AG,GG,Low,Altered,Normal,Yes,No,Yes,Adequate,Normal,Deficient,8,Moderate,Cyclothymia
58,F,Yes,AA,AA,AA,Normal,Normal,Normal,No,No,No,High,Normal,Normal,8,Moderate,False
44,M,No,AA,GG,GG,Normal,Normal,Normal,No,No,No,Adequate,Normal,Normal,7,High,False
36,M,Yes,GG,AA,GG,High,Altered,Elevated,Yes,Yes,Yes,Low,Deficient,Deficient,4,Low,BD-I
25,F,Yes,AA,AA,GG,High,Altered,Elevated,Yes,Yes,Yes,Low,Deficient,Normal,5,Low,BD-II
43,F,Yes,AG,GG,AA,Low,Altered,Normal,Yes,No,Yes,Adequate,Normal,Deficient,8,High,Cyclothymia
19,M,Yes,GG,AG,AG,High,Altered,Elevated,Yes,Yes,Yes,Low,Deficient,Normal,3,Low,BD-II
38,F,Yes,AG,GG,AG,High,Altered,Elevated,Yes,Yes,Yes,Low,Deficient,Normal,4,Low,BD-II
28,M,Yes,AG,AG,GG,Normal,Normal,Normal,No,No,No,High,Normal,Normal,8,High,False
57,M,Yes,AG,GG,AG,High,Altered,Elevated,Yes,Yes,Yes,Low,Deficient,Normal,3,Low,BD-II
47,M,Yes,AG,AA,AA,High,Altered,Elevated,Yes,Yes,Yes,Low,Deficient,Normal,3,Low,BD-II
62,M,Yes,GG,AG,AG,Low,Altered,Normal,Yes,No,Yes,Adequate,Normal,Deficient,7,High,Cyclothymia
41,M,No,AG,GG,AA,Low,Normal,Normal,No,No,No,Adequate,Normal,Normal,7,Moderate,False
23,M,Yes,GG,GG,GG,High,Altered,Elevated,Yes,Yes,Yes,Low,Deficient,Normal,4,Low,BD-II
45,F,Yes,GG,GG,AA,Normal,Altered,Normal,Yes,No,Yes,High,Normal,Deficient,6,High,Cyclothymia
24,F,No,AG,AG,AA,Normal,Normal,Normal,No,No,No,High,Normal,Normal,8,Moderate,False
33,F,Yes,AA,AA,AA,High,Altered,Elevated,Yes,Yes,Yes,Low,Deficient,Deficient,3,Low,BD-I
45,F,Yes,AA,GG,GG,Low,Normal,Normal,No,No,No,Adequate,Normal,Normal,7,High,False
55,M,Yes,AG,GG,AG,High,Altered,Elevated,Yes,Yes,Yes,Low,Deficient,Deficient,3,Low,BD-I
43,F,No,AG,AA,AG,Low,Normal,Normal,No,No,No,Adequate,Normal,Normal,7,High,False
51,F,Yes,AA,AA,AA,High,Altered,Elevated,Yes,Yes,Yes,Low,Deficient,Normal,3,Low,BD-II
23,F,Yes,GG,AA,AA,High,Altered,Elevated,Yes,Yes,Yes,Low,Deficient,Deficient,4,Low,BD-I
43,M,Yes,GG,AA,AG,Low,Normal,Normal,No,No,No,Adequate,Normal,Normal,6,Moderate,False
37,M,Yes,GG,GG,GG,High,Altered,Elevated,Yes,Yes,Yes,Low,Deficient,Deficient,5,Low,BD-I
65,F,Yes,GG,GG,AA,High,Altered,Elevated,Yes,Yes,Yes,Low,Deficient,Normal,3,Low,BD-II
39,M,Yes,AG,AG,AG,Low,Altered,Normal,Yes,No,Yes,Adequate,Normal,Deficient,7,Moderate,Cyclothymia
32,M,Yes,AA,GG,AA,Normal,Altered,Normal,Yes,No,Yes,High,Normal,Deficient,7,Moderate,Cyclothymia
39,M,Yes,AG,GG,AA,Low,Altered,Normal,Yes,No,Yes,High,Normal,Deficient,8,High,Cyclothymia
28,F,Yes,AG,AA,AA,High,Altered,Elevated,Yes,Yes,Yes,Low,Deficient,Normal,4,Low,BD-II
22,F,Yes,GG,AG,GG,Normal,Altered,Normal,Yes,No,Yes,Adequate,Normal,Deficient,8,High,Cyclothymia
50,F,Yes,AA,AA,GG,High,Altered,Elevated,Yes,Yes,Yes,Low,Deficient,Deficient,5,Low,BD-I
58,F,Yes,AA,GG,AG,Low,Normal,Normal,No,No,No,High,Normal,Normal,6,Moderate,False
25,M,Yes,GG,GG,GG,High,Altered,Elevated,Yes,Yes,Yes,Low,Deficient,Normal,3,Low,BD-II
51,M,Yes,AG,GG,GG,High,Altered,Elevated,Yes,Yes,Yes,Low,Deficient,Deficient,4,Low,BD-I
50,M,Yes,AG,AG,AA,High,Altered,Elevated,Yes,Yes,Yes,Low,Deficient,Deficient,4,Low,BD-I
30,M,No,AG,AA,AG,Low,Normal,Normal,No,No,No,Adequate,Normal,Normal,6,Moderate,False
40,F,Yes,AA,AG,AA,Normal,Altered,Normal,Yes,No,Yes,Adequate,Normal,Deficient,7,High,Cyclothymia
40,F,Yes,AG,GG,AA,High,Altered,Elevated,Yes,Yes,Yes,Low,Deficient,Deficient,4,Low,BD-I
64,F,Yes,AG,GG,AA,High,Altered,Elevated,Yes,Yes,Yes,Low,Deficient,Deficient,4,Low,BD-I
59,M,Yes,AG,AA,AG,Normal,Altered,Normal,Yes,No,Yes,Adequate,Normal,Deficient,8,Moderate,Cyclothymia
27,M,Yes,AG,AA,AA,High,Altered,Elevated,Yes,Yes,Yes,Low,Deficient,Deficient,5,Low,BD-I
33,M,No,AG,AA,GG,Low,Normal,Normal,No,No,No,High,Normal,Normal,7,High,False
24,M,Yes,GG,AA,GG,Low,Normal,Normal,No,No,No,High,Normal,Normal,8,High,False
27,F,Yes,GG,GG,AG,High,Altered,Elevated,Yes,Yes,Yes,Low,Deficient,Deficient,4,Low,BD-I
34,F,Yes,AA,AG,GG,High,Altered,Elevated,Yes,Yes,Yes,Low,Deficient,Normal,3,Low,BD-II
30,M,Yes,AA,AA,AA,High,Altered,Elevated,Yes,Yes,Yes,Low,Deficient,Normal,5,Low,BD-II
29,M,No,AA,AA,AA,Low,Normal,Normal,No,No,No,Adequate,Normal,Normal,7,Moderate,False
56,F,Yes,AG,AA,AG,Normal,Altered,Normal,Yes,No,Yes,High,Normal,Deficient,7,Moderate,Cyclothymia
27,M,Yes,GG,GG,GG,Normal,Normal,Normal,No,No,No,High,Normal,Normal,7,High,False
59,M,Yes,AG,GG,AA,High,Altered,Elevated,Yes,Yes,Yes,Low,Deficient,Deficient,3,Low,BD-I
22,F,Yes,AG,AA,GG,Normal,Normal,Normal,No,No,No,Adequate,Normal,Normal,6,Moderate,False
29,M,Yes,AG,GG,GG,Normal,Normal,Normal,No,No,No,High,Normal,Normal,7,Moderate,False
58,M,Yes,GG,AG,AA,High,Altered,Elevated,Yes,Yes,Yes,Low,Deficient,Deficient,5,Low,BD-I
49,M,Yes,AG,GG,AA,High,Altered,Elevated,Yes,Yes,Yes,Low,Deficient,Deficient,4,Low,BD-I
47,F,Yes,GG,GG,AG,Normal,Altered,Normal,Yes,No,Yes,High,Normal,Deficient,6,Moderate,Cyclothymia
54,M,Yes,GG,AA,AA,High,Altered,Elevated,Yes,Yes,Yes,Low,Deficient,Normal,3,Low,BD-II
55,F,Yes,AA,AG,AG,Low,Altered,Normal,Yes,No,Yes,High,Normal,Deficient,8,Moderate,Cyclothymia
46,M,Yes,AA,GG,GG,Low,Altered,Normal,Yes,No,Yes,High,Normal,Deficient,7,High,Cyclothymia
61,M,Yes,AG,AA,GG,Low,Normal,Normal,No,No,No,Adequate,Normal,Normal,8,High,False
54,F,Yes,AA,AG,AG,Low,Altered,Normal,Yes,No,Yes,Adequate,Normal,Deficient,6,High,Cyclothymia
59,F,Yes,AG,AA,AG,High,Altered,Elevated,Yes,Yes,Yes,Low,Deficient,Normal,4,Low,BD-II
58,F,Yes,GG,AA,GG,High,Altered,Elevated,Yes,Yes,Yes,Low,Deficient,Normal,4,Low,BD-II
57,M,No,AG,GG,AA,Low,Normal,Normal,No,No,No,Adequate,Normal,Normal,8,Moderate,False
38,M,Yes,GG,GG,AA,Low,Normal,Normal,No,No,No,High,Normal,Normal,8,Moderate,False
58,F,Yes,AG,AG,GG,Normal,Altered,Normal,Yes,No,Yes,High,Normal,Deficient,8,High,Cyclothymia
38,M,Yes,AA,AG,AG,Low,Altered,Normal,Yes,No,Yes,Adequate,Normal,Deficient,6,High,Cyclothymia
27,M,Yes,GG,AG,AG,High,Altered,Elevated,Yes,Yes,Yes,Low,Deficient,Normal,3,Low,BD-II
46,F,Yes,AA,AA,GG,Low,Altered,Normal,Yes,No,Yes,High,Normal,Deficient,6,High,Cyclothymia
22,M,Yes,AA,GG,AA,High,Altered,Elevated,Yes,Yes,Yes,Low,Deficient,Deficient,4,Low,BD-I
48,M,Yes,AG,GG,AG,High,Altered,Elevated,Yes,Yes,Yes,Low,Deficient,Deficient,4,Low,BD-I
46,F,Yes,GG,AA,AA,Low,Normal,Normal,No,No,No,High,Normal,Normal,8,High,False
58,F,Yes,GG,AA,AG,Normal,Altered,Normal,Yes,No,Yes,High,Normal,Deficient,8,Moderate,Cyclothymia
37,F,Yes,AG,AG,GG,Normal,Altered,Normal,Yes,No,Yes,High,Normal,Deficient,6,High,Cyclothymia
35,M,Yes,AA,GG,AG,High,Altered,Elevated,Yes,Yes,Yes,Low,Deficient,Deficient,5,Low,BD-I
55,F,Yes,GG,AA,GG,High,Altered,Elevated,Yes,Yes,Yes,Low,Deficient,Deficient,3,Low,BD-I
21,F,Yes,GG,AA,AG,High,Altered,Elevated,Yes,Yes,Yes,Low,Deficient,Deficient,3,Low,BD-I
40,F,Yes,AA,AG,GG,High,Altered,Elevated,Yes,Yes,Yes,Low,Deficient,Normal,4,Low,BD-II
50,M,Yes,AA,AG,GG,High,Altered,Elevated,Yes,Yes,Yes,Low,Deficient,Normal,3,Low,BD-II
22,F,Yes,AA,AG,AG,High,Altered,Elevated,Yes,Yes,Yes,Low,Deficient,Normal,4,Low,BD-II
37,F,Yes,AA,AG,AA,High,Altered,Elevated,Yes,Yes,Yes,Low,Deficient,Normal,3,Low,BD-II
47,F,Yes,AA,GG,GG,High,Altered,Elevated,Yes,Yes,Yes,Low,Deficient,Normal,5,Low,BD-II
46,M,Yes,AA,GG,AA,High,Altered,Elevated,Yes,Yes,Yes,Low,Deficient,Normal,4,Low,BD-II
20,F,Yes,AA,AG,GG,High,Altered,Elevated,Yes,Yes,Yes,Low,Deficient,Normal,3,Low,BD-II
21,M,Yes,AG,GG,AG,High,Altered,Elevated,Yes,Yes,Yes,Low,Deficient,Deficient,3,Low,BD-I
41,F,Yes,AA,GG,AG,High,Altered,Elevated,Yes,Yes,Yes,Low,Deficient,Normal,4,Low,BD-II
36,M,Yes,AG,AA,GG,Low,Altered,Normal,Yes,No,Yes,Adequate,Normal,Deficient,8,Moderate,Cyclothymia
22,M,Yes,GG,GG,AG,Normal,Altered,Normal,Yes,No,Yes,Adequate,Normal,Deficient,7,High,Cyclothymia
59,M,Yes,AA,GG,AG,High,Altered,Elevated,Yes,Yes,Yes,Low,Deficient,Deficient,4,Low,BD-I
23,F,Yes,AG,AG,GG,High,Altered,Elevated,Yes,Yes,Yes,Low,Deficient,Normal,5,Low,BD-II
57,M,Yes,AG,AG,GG,Normal,Normal,Normal,No,No,No,High,Normal,Normal,8,Moderate,False
56,F,Yes,AG,AG,AA,Normal,Altered,Normal,Yes,No,Yes,High,Normal,Deficient,8,High,Cyclothymia
50,M,Yes,GG,AA,AA,Normal,Altered,Normal,Yes,No,Yes,Adequate,Normal,Deficient,7,High,Cyclothymia
42,F,Yes,AG,AA,GG,High,Altered,Elevated,Yes,Yes,Yes,Low,Deficient,Deficient,5,Low,BD-I
47,F,Yes,GG,AG,AA,High,Altered,Elevated,Yes,Yes,Yes,Low,Deficient,Deficient,4,Low,BD-I
55,F,No,AA,AA,AG,Low,Normal,Normal,No,No,No,High,Normal,Normal,7,High,False
53,M,Yes,GG,AA,AG,Normal,Altered,Normal,Yes,No,Yes,High,Normal,Deficient,7,High,Cyclothymia
65,M,Yes,AA,GG,AG,High,Altered,Elevated,Yes,Yes,Yes,Low,Deficient,Normal,5,Low,BD-II
20,M,Yes,AA,GG,GG,Normal,Altered,Normal,Yes,No,Yes,Adequate,Normal,Deficient,8,High,Cyclothymia
46,F,Yes,AG,GG,AG,High,Altered,Elevated,Yes,Yes,Yes,Low,Deficient,Normal,4,Low,BD-II
54,F,Yes,AG,AG,AG,Low,Normal,Normal,No,No,No,Adequate,Normal,Normal,7,High,False
59,F,Yes,GG,AG,AA,Low,Normal,Normal,No,No,No,Adequate,Normal,Normal,8,Moderate,False
30,F,Yes,AG,AG,GG,High,Altered,Elevated,Yes,Yes,Yes,Low,Deficient,Normal,4,Low,BD-II
38,M,Yes,AA,AA,GG,Normal,Altered,Normal,Yes,No,Yes,High,Normal,Deficient,6,High,Cyclothymia
56,M,No,AG,GG,AG,Low,Normal,Normal,No,No,No,Adequate,Normal,Normal,7,High,False
48,M,Yes,GG,GG,GG,High,Altered,Elevated,Yes,Yes,Yes,Low,Deficient,Deficient,3,Low,BD-I
50,M,Yes,GG,AG,AA,High,Altered,Elevated,Yes,Yes,Yes,Low,Deficient,Deficient,3,Low,BD-I
27,F,Yes,AG,AG,AA,Low,Normal,Normal,No,No,No,High,Normal,Normal,7,Moderate,False
21,F,Yes,AG,AG,GG,Normal,Altered,Normal,Yes,No,Yes,High,Normal,Deficient,7,High,Cyclothymia
46,F,Yes,AA,AG,AG,Normal,Altered,Normal,Yes,No,Yes,Adequate,Normal,Deficient,7,High,Cyclothymia
24,M,No,AG,AG,GG,Normal,Normal,Normal,No,No,No,High,Normal,Normal,6,Moderate,False
39,M,Yes,GG,AG,AA,High,Altered,Elevated,Yes,Yes,Yes,Low,Deficient,Deficient,5,Low,BD-I
63,M,Yes,GG,AG,AG,Low,Altered,Normal,Yes,No,Yes,High,Normal,Deficient,6,Moderate,Cyclothymia
23,F,Yes,AA,GG,GG,High,Altered,Elevated,Yes,Yes,Yes,Low,Deficient,Normal,3,Low,BD-II
50,M,Yes,AG,AA,AA,Low,Altered,Normal,Yes,No,Yes,Adequate,Normal,Deficient,6,High,Cyclothymia
59,F,Yes,AA,AA,GG,High,Altered,Elevated,Yes,Yes,Yes,Low,Deficient,Normal,5,Low,BD-II
29,F,Yes,AG,GG,GG,Normal,Altered,Normal,Yes,No,Yes,High,Normal,Deficient,6,High,Cyclothymia
20,M,Yes,AA,GG,AG,Low,Altered,Normal,Yes,No,Yes,Adequate,Normal,Deficient,6,Moderate,Cyclothymia
33,F,Yes,AA,AA,AA,Low,Normal,Normal,No,No,No,Adequate,Normal,Normal,7,Moderate,False
63,F,Yes,GG,AG,GG,High,Altered,Elevated,Yes,Yes,Yes,Low,Deficient,Deficient,5,Low,BD-I
46,F,Yes,AA,AA,GG,High,Altered,Elevated,Yes,Yes,Yes,Low,Deficient,Normal,3,Low,BD-II
46,M,Yes,AA,GG,AG,High,Altered,Elevated,Yes,Yes,Yes,Low,Deficient,Deficient,3,Low,BD-I
51,M,Yes,GG,AA,GG,Low,Altered,Normal,Yes,No,Yes,Adequate,Normal,Deficient,7,High,Cyclothymia
51,M,Yes,AA,AG,AA,High,Altered,Elevated,Yes,Yes,Yes,Low,Deficient,Deficient,5,Low,BD-I
57,F,No,GG,GG,GG,Normal,Normal,Normal,No,No,No,Adequate,Normal,Normal,8,Moderate,False
28,M,Yes,AA,GG,AG,High,Altered,Elevated,Yes,Yes,Yes,Low,Deficient,Deficient,4,Low,BD-I
41,M,Yes,AG,AA,AG,High,Altered,Elevated,Yes,Yes,Yes,Low,Deficient,Deficient,3,Low,BD-I
41,F,Yes,GG,GG,AG,High,Altered,Elevated,Yes,Yes,Yes,Low,Deficient,Normal,4,Low,BD-II
36,F,Yes,AG,AA,GG,Normal,Normal,Normal,No,No,No,Adequate,Normal,Normal,8,High,False
42,F,Yes,GG,AA,AG,Low,Altered,Normal,Yes,No,Yes,Adequate,Normal,Deficient,8,High,Cyclothymia
44,F,Yes,AA,GG,AA,Low,Altered,Normal,Yes,No,Yes,High,Normal,Deficient,6,High,Cyclothymia
39,M,Yes,GG,GG,AA,Low,Altered,Normal,Yes,No,Yes,High,Normal,Deficient,6,Moderate,Cyclothymia
61,M,Yes,AA,AA,GG,Normal,Normal,Normal,No,No,No,Adequate,Normal,Normal,8,High,False
56,M,No,AG,GG,GG,Normal,Normal,Normal,No,No,No,High,Normal,Normal,8,High,False
21,F,Yes,AA,GG,AA,Normal,Normal,Normal,No,No,No,High,Normal,Normal,7,Moderate,False
58,F,Yes,GG,AG,AA,High,Altered,Elevated,Yes,Yes,Yes,Low,Deficient,Normal,4,Low,BD-II
59,F,Yes,AA,GG,AA,Low,Normal,Normal,No,No,No,High,Normal,Normal,6,Moderate,False
39,F,Yes,GG,AA,AA,Low,Normal,Normal,No,No,No,Adequate,Normal,Normal,7,High,False
22,F,Yes,AA,AA,AA,Low,Altered,Normal,Yes,No,Yes,Adequate,Normal,Deficient,8,Moderate,Cyclothymia
39,M,Yes,AA,GG,AA,High,Altered,Elevated,Yes,Yes,Yes,Low,Deficient,Normal,4,Low,BD-II
24,F,Yes,AG,AG,AA,Low,Altered,Normal,Yes,No,Yes,High,Normal,Deficient,7,High,Cyclothymia
53,F,Yes,GG,GG,AG,Normal,Altered,Normal,Yes,No,Yes,Adequate,Normal,Deficient,8,High,Cyclothymia
61,M,No,AG,GG,AA,Normal,Normal,Normal,No,No,No,High,Normal,Normal,7,Moderate,False
42,F,No,GG,AG,AA,Low,Normal,Normal,No,No,No,Adequate,Normal,Normal,8,Moderate,False
36,M,Yes,GG,GG,AA,Normal,Altered,Normal,Yes,No,Yes,High,Normal,Deficient,7,Moderate,Cyclothymia
34,F,Yes,GG,AA,GG,High,Altered,Elevated,Yes,Yes,Yes,Low,Deficient,Normal,5,Low,BD-II
64,M,Yes,AG,AG,GG,Low,Altered,Normal,Yes,No,Yes,Adequate,Normal,Deficient,8,Moderate,Cyclothymia
60,M,Yes,AG,AG,AG,Low,Altered,Normal,Yes,No,Yes,Adequate,Normal,Deficient,6,High,Cyclothymia
56,F,Yes,AG,AA,GG,High,Altered,Elevated,Yes,Yes,Yes,Low,Deficient,Deficient,3,Low,BD-I
27,M,Yes,AG,GG,AG,Low,Altered,Normal,Yes,No,Yes,High,Normal,Deficient,7,High,Cyclothymia
39,F,No,AG,GG,GG,Low,Normal,Normal,No,No,No,Adequate,Normal,Normal,6,Moderate,False
23,F,Yes,AG,AG,GG,Normal,Normal,Normal,No,No,No,Adequate,Normal,Normal,7,High,False
55,F,No,AA,AA,GG,Low,Normal,Normal,No,No,No,Adequate,Normal,Normal,7,High,False
60,F,Yes,AG,AG,GG,Low,Altered,Normal,Yes,No,Yes,Adequate,Normal,Deficient,7,High,Cyclothymia
27,F,Yes,AG,GG,AG,Normal,Normal,Normal,No,No,No,Adequate,Normal,Normal,7,High,False
40,F,Yes,GG,GG,AA,High,Altered,Elevated,Yes,Yes,Yes,Low,Deficient,Normal,4,Low,BD-II
37,F,Yes,GG,AA,AG,High,Altered,Elevated,Yes,Yes,Yes,Low,Deficient,Deficient,4,Low,BD-I
59,M,Yes,GG,AG,AA,Normal,Normal,Normal,No,No,No,High,Normal,Normal,6,Moderate,False
62,F,Yes,AG,AG,GG,High,Altered,Elevated,Yes,Yes,Yes,Low,Deficient,Normal,3,Low,BD-II
60,F,Yes,GG,GG,GG,High,Altered,Elevated,Yes,Yes,Yes,Low,Deficient,Normal,3,Low,BD-II
43,M,Yes,AA,AA,AA,Low,Altered,Normal,Yes,No,Yes,Adequate,Normal,Deficient,8,Moderate,Cyclothymia
26,F,Yes,AA,GG,AA,Low,Normal,Normal,No,No,No,High,Normal,Normal,8,Moderate,False
56,F,Yes,GG,AA,AA,High,Altered,Elevated,Yes,Yes,Yes,Low,Deficient,Normal,4,Low,BD-II
63,M,Yes,GG,GG,GG,High,Altered,Elevated,Yes,Yes,Yes,Low,Deficient,Deficient,5,Low,BD-I
23,F,Yes,AG,GG,AG,Normal,Normal,Normal,No,No,No,Adequate,Normal,Normal,6,High,False
37,F,Yes,GG,AA,AA,Normal,Altered,Normal,Yes,No,Yes,Adequate,Normal,Deficient,7,Moderate,Cyclothymia
53,F,Yes,GG,GG,AG,Low,Altered,Normal,Yes,No,Yes,Adequate,Normal,Deficient,7,Moderate,Cyclothymia
42,F,Yes,GG,AA,GG,Normal,Altered,Normal,Yes,No,Yes,Adequate,Normal,Deficient,6,High,Cyclothymia
59,M,Yes,GG,AG,AA,High,Altered,Elevated,Yes,Yes,Yes,Low,Deficient,Normal,4,Low,BD-II
39,F,Yes,AG,AA,AG,Low,Normal,Normal,No,No,No,Adequate,Normal,Normal,8,Moderate,False
26,F,Yes,AG,AA,GG,High,Altered,Elevated,Yes,Yes,Yes,Low,Deficient,Normal,4,Low,BD-II
60,F,Yes,GG,GG,GG,High,Altered,Elevated,Yes,Yes,Yes,Low,Deficient,Deficient,4,Low,BD-I
62,F,Yes,AA,GG,AG,High,Altered,Elevated,Yes,Yes,Yes,Low,Deficient,Normal,3,Low,BD-II
65,F,Yes,AG,GG,AG,High,Altered,Elevated,Yes,Yes,Yes,Low,Deficient,Deficient,5,Low,BD-I
61,M,No,AA,AA,GG,Low,Normal,Normal,No,No,No,Adequate,Normal,Normal,8,Moderate,False
51,M,No,AG,GG,AA,Normal,Normal,Normal,No,No,No,High,Normal,Normal,7,High,False
23,M,Yes,AG,GG,GG,High,Altered,Elevated,Yes,Yes,Yes,Low,Deficient,Normal,5,Low,BD-II
59,M,Yes,GG,AG,AG,Low,Altered,Normal,Yes,No,Yes,Adequate,Normal,Deficient,8,High,Cyclothymia
60,F,Yes,AG,AG,GG,Normal,Normal,Normal,No,No,No,High,Normal,Normal,8,High,False
45,M,Yes,AG,AA,AA,High,Altered,Elevated,Yes,Yes,Yes,Low,Deficient,Deficient,5,Low,BD-I
50,F,Yes,AG,AA,GG,Normal,Altered,Normal,Yes,No,Yes,Adequate,Normal,Deficient,8,High,Cyclothymia
41,F,Yes,GG,AG,AA,Low,Altered,Normal,Yes,No,Yes,Adequate,Normal,Deficient,7,High,Cyclothymia
19,M,Yes,GG,AA,AG,Low,Altered,Normal,Yes,No,Yes,Adequate,Normal,Deficient,7,High,Cyclothymia
41,F,Yes,GG,AA,AA,High,Altered,Elevated,Yes,Yes,Yes,Low,Deficient,Deficient,5,Low,BD-I
37,F,Yes,AG,AG,AA,Normal,Normal,Normal,No,No,No,Adequate,Normal,Normal,6,High,False
29,M,No,AA,AG,GG,Low,Normal,Normal,No,No,No,High,Normal,Normal,8,Moderate,False
31,F,No,AA,AA,AA,Low,Normal,Normal,No,No,No,Adequate,Normal,Normal,6,Moderate,False
39,M,Yes,GG,AA,AA,High,Altered,Elevated,Yes,Yes,Yes,Low,Deficient,Normal,4,Low,BD-II
49,F,Yes,AA,GG,GG,Normal,Altered,Normal,Yes,No,Yes,Adequate,Normal,Deficient,7,Moderate,Cyclothymia
30,M,Yes,AA,AA,AA,Low,Altered,Normal,Yes,No,Yes,Adequate,Normal,Deficient,7,Moderate,Cyclothymia
32,F,Yes,GG,GG,GG,High,Altered,Elevated,Yes,Yes,Yes,Low,Deficient,Deficient,5,Low,BD-I
26,F,Yes,AG,AG,AG,High,Altered,Elevated,Yes,Yes,Yes,Low,Deficient,Normal,4,Low,BD-II
27,M,Yes,GG,AG,AA,High,Altered,Elevated,Yes,Yes,Yes,Low,Deficient,Deficient,5,Low,BD-I
22,F,Yes,AG,AG,AA,Normal,Normal,Normal,No,No,No,High,Normal,Normal,8,High,False
36,F,Yes,GG,AG,GG,High,Altered,Elevated,Yes,Yes,Yes,Low,Deficient,Deficient,4,Low,BD-I
24,F,Yes,AA,AA,GG,High,Altered,Elevated,Yes,Yes,Yes,Low,Deficient,Deficient,4,Low,BD-I
50,F,Yes,GG,AA,AA,Low,Normal,Normal,No,No,No,High,Normal,Normal,7,Moderate,False
52,M,Yes,AA,GG,GG,Low,Altered,Normal,Yes,No,Yes,High,Normal,Deficient,6,High,Cyclothymia
65,F,Yes,GG,AG,GG,Low,Normal,Normal,No,No,No,High,Normal,Normal,6,Moderate,False
51,M,Yes,AG,AA,AA,High,Altered,Elevated,Yes,Yes,Yes,Low,Deficient,Normal,5,Low,BD-II
20,M,Yes,AG,GG,GG,High,Altered,Elevated,Yes,Yes,Yes,Low,Deficient,Normal,3,Low,BD-II
60,M,Yes,AG,GG,GG,Normal,Altered,Normal,Yes,No,Yes,Adequate,Normal,Deficient,6,Moderate,Cyclothymia
39,F,Yes,AG,GG,GG,Low,Altered,Normal,Yes,No,Yes,Adequate,Normal,Deficient,7,High,Cyclothymia
57,M,Yes,AG,AG,AG,High,Altered,Elevated,Yes,Yes,Yes,Low,Deficient,Deficient,4,Low,BD-I
26,M,Yes,AG,GG,GG,High,Altered,Elevated,Yes,Yes,Yes,Low,Deficient,Deficient,5,Low,BD-I
56,F,Yes,GG,AG,AA,Normal,Normal,Normal,No,No,No,High,Normal,Normal,8,Moderate,False
42,F,Yes,AA,GG,GG,Normal,Normal,Normal,No,No,No,Adequate,Normal,Normal,6,Moderate,False
27,F,Yes,GG,GG,GG,High,Altered,Elevated,Yes,Yes,Yes,Low,Deficient,Normal,5,Low,BD-II
28,M,Yes,GG,GG,AG,High,Altered,Elevated,Yes,Yes,Yes,Low,Deficient,Normal,4,Low,BD-II
29,M,Yes,GG,AA,GG,Low,Altered,Normal,Yes,No,Yes,Adequate,Normal,Deficient,7,Moderate,Cyclothymia
62,M,Yes,AA,AG,AG,Normal,Altered,Normal,Yes,No,Yes,Adequate,Normal,Deficient,6,High,Cyclothymia
57,F,Yes,AG,GG,GG,High,Altered,Elevated,Yes,Yes,Yes,Low,Deficient,Normal,4,Low,BD-II
28,M,Yes,GG,AG,GG,High,Altered,Elevated,Yes,Yes,Yes,Low,Deficient,Normal,4,Low,BD-II
64,M,No,GG,AG,AG,Normal,Normal,Normal,No,No,No,High,Normal,Normal,7,High,False
46,F,Yes,AA,GG,AA,Normal,Altered,Normal,Yes,No,Yes,Adequate,Normal,Deficient,7,High,Cyclothymia
20,F,No,GG,GG,AA,Low,Normal,Normal,No,No,No,Adequate,Normal,Normal,7,High,False
44,F,Yes,GG,AA,AA,High,Altered,Elevated,Yes,Yes,Yes,Low,Deficient,Deficient,3,Low,BD-I
41,F,Yes,GG,GG,GG,High,Altered,Elevated,Yes,Yes,Yes,Low,Deficient,Normal,5,Low,BD-II
61,M,Yes,AG,AG,AG,Normal,Altered,Normal,Yes,No,Yes,High,Normal,Deficient,6,High,Cyclothymia
64,F,No,GG,AG,GG,Low,Normal,Normal,No,No,No,Adequate,Normal,Normal,6,High,False
33,M,No,AG,AA,AG,Normal,Normal,Normal,No,No,No,High,Normal,Normal,6,High,False
46,F,Yes,GG,GG,GG,Normal,Altered,Normal,Yes,No,Yes,Adequate,Normal,Deficient,8,High,Cyclothymia
57,M,Yes,AG,AG,AA,High,Altered,Elevated,Yes,Yes,Yes,Low,Deficient,Deficient,4,Low,BD-I
36,F,Yes,AA,AG,GG,High,Altered,Elevated,Yes,Yes,Yes,Low,Deficient,Deficient,5,Low,BD-I
65,F,Yes,GG,AG,GG,High,Altered,Elevated,Yes,Yes,Yes,Low,Deficient,Deficient,3,Low,BD-I
46,M,Yes,GG,AG,AG,High,Altered,Elevated,Yes,Yes,Yes,Low,Deficient,Normal,5,Low,BD-II
32,M,Yes,AA,AG,AG,Low,Altered,Normal,Yes,No,Yes,High,Normal,Deficient,6,Moderate,Cyclothymia
52,M,Yes,AG,GG,AG,High,Altered,Elevated,Yes,Yes,Yes,Low,Deficient,Normal,4,Low,BD-II
33,F,Yes,AA,AA,GG,Low,Altered,Normal,Yes,No,Yes,Adequate,Normal,Deficient,6,Moderate,Cyclothymia
37,F,Yes,AG,GG,AG,High,Altered,Elevated,Yes,Yes,Yes,Low,Deficient,Deficient,4,Low,BD-I
48,F,Yes,AA,AA,AG,High,Altered,Elevated,Yes,Yes,Yes,Low,Deficient,Deficient,3,Low,BD-I
30,F,Yes,GG,AG,AG,Low,Altered,Normal,Yes,No,Yes,High,Normal,Deficient,6,Moderate,Cyclothymia
41,M,Yes,AG,AA,GG,Low,Altered,Normal,Yes,No,Yes,Adequate,Normal,Deficient,8,Moderate,Cyclothymia
61,F,Yes,GG,AA,AG,High,Altered,Elevated,Yes,Yes,Yes,Low,Deficient,Deficient,4,Low,BD-I
54,F,Yes,GG,AA,GG,Normal,Altered,Normal,Yes,No,Yes,Adequate,Normal,Deficient,6,Moderate,Cyclothymia
46,F,Yes,AA,GG,AG,High,Altered,Elevated,Yes,Yes,Yes,Low,Deficient,Normal,4,Low,BD-II
47,M,Yes,GG,GG,GG,Normal,Normal,Normal,No,No,No,Adequate,Normal,Normal,8,Moderate,False
36,F,Yes,AG,AG,AA,High,Altered,Elevated,Yes,Yes,Yes,Low,Deficient,Normal,4,Low,BD-II
42,F,Yes,GG,AA,GG,Normal,Altered,Normal,Yes,No,Yes,Adequate,Normal,Deficient,8,Moderate,Cyclothymia
50,F,Yes,AA,AA,GG,Normal,Altered,Normal,Yes,No,Yes,High,Normal,Deficient,8,Moderate,Cyclothymia
